,dow_origin,dow_destination,weight,county_name.origin,zm2019.origin,ss2019.origin,ew2019.origin,sf2019.origin,county_name.destination,zm2019.destination,ss2019.destination,ew2019.destination,sf2019.destination,zm2019.risky,ss2019.risky,ew2019.risky,sf2019.risky,bij
10,AA1,AA12,15,AA,1,0,0,0,AA,0,0,0,0,1,0,0,0,1
12,AA1,AA14,15,AA,1,0,0,0,AA,0,0,0,0,1,0,0,0,1
34,AA1,AA36,20,AA,1,0,0,0,AA,0,0,0,0,1,0,0,0,1
36,AA1,AA38,18,AA,1,0,0,0,AA,0,0,0,0,1,0,0,0,1
40,AA1,AA42,11,AA,1,0,0,0,AA,0,0,0,0,1,0,0,0,1
43,AA1,AA45,12,AA,1,0,0,0,AA,0,0,0,0,1,0,0,0,1
45,AA1,AA47,12,AA,1,0,0,0,AA,0,0,0,0,1,0,0,0,1
47,AA1,AA49,16,AA,1,0,0,0,AA,0,0,0,0,1,0,0,0,1
50,AA1,AB2,17,AA,1,0,0,0,AB,0,0,0,0,1,0,0,0,1
54,AA1,AB6,20,AA,1,0,0,0,AB,0,0,0,0,1,0,0,0,1
57,AA1,AB9,17,AA,1,0,0,0,AB,0,0,0,0,1,0,0,0,1
65,AA1,AB17,16,AA,1,0,0,0,AB,0,0,0,0,1,0,0,0,1
66,AA1,AB18,16,AA,1,0,0,0,AB,0,0,0,0,1,0,0,0,1
73,AA1,AB25,18,AA,1,0,0,0,AB,0,0,0,0,1,0,0,0,1
74,AA1,AB26,10,AA,1,0,0,0,AB,0,0,0,0,1,0,0,0,1
86,AA1,AB38,15,AA,1,0,0,0,AB,0,0,0,0,1,0,0,0,1
88,AA1,AB40,13,AA,1,0,0,0,AB,0,0,0,0,1,0,0,0,1
111,AA2,AA14,10,AA,1,0,0,0,AA,0,0,0,0,1,0,0,0,1
133,AA2,AA36,20,AA,1,0,0,0,AA,0,0,0,0,1,0,0,0,1
135,AA2,AA38,13,AA,1,0,0,0,AA,0,0,0,0,1,0,0,0,1
136,AA2,AA39,12,AA,1,0,0,0,AA,0,0,0,0,1,0,0,0,1
139,AA2,AA42,11,AA,1,0,0,0,AA,0,0,0,0,1,0,0,0,1
142,AA2,AA45,16,AA,1,0,0,0,AA,0,0,0,0,1,0,0,0,1
144,AA2,AA47,20,AA,1,0,0,0,AA,0,0,0,0,1,0,0,0,1
146,AA2,AA49,18,AA,1,0,0,0,AA,0,0,0,0,1,0,0,0,1
153,AA2,AB6,14,AA,1,0,0,0,AB,0,0,0,0,1,0,0,0,1
156,AA2,AB9,18,AA,1,0,0,0,AB,0,0,0,0,1,0,0,0,1
164,AA2,AB17,12,AA,1,0,0,0,AB,0,0,0,0,1,0,0,0,1
165,AA2,AB18,19,AA,1,0,0,0,AB,0,0,0,0,1,0,0,0,1
172,AA2,AB25,10,AA,1,0,0,0,AB,0,0,0,0,1,0,0,0,1
173,AA2,AB26,11,AA,1,0,0,0,AB,0,0,0,0,1,0,0,0,1
179,AA2,AB32,16,AA,1,0,0,0,AB,0,0,0,0,1,0,0,0,1
187,AA2,AB40,15,AA,1,0,0,0,AB,0,0,0,0,1,0,0,0,1
208,AA3,AA12,11,AA,1,0,0,0,AA,0,0,0,0,1,0,0,0,1
213,AA3,AA17,10,AA,1,0,0,0,AA,0,0,0,0,1,0,0,0,1
234,AA3,AA38,19,AA,1,0,0,0,AA,0,0,0,0,1,0,0,0,1
235,AA3,AA39,10,AA,1,0,0,0,AA,0,0,0,0,1,0,0,0,1
238,AA3,AA42,19,AA,1,0,0,0,AA,0,0,0,0,1,0,0,0,1
241,AA3,AA45,13,AA,1,0,0,0,AA,0,0,0,0,1,0,0,0,1
243,AA3,AA47,14,AA,1,0,0,0,AA,0,0,0,0,1,0,0,0,1
245,AA3,AA49,11,AA,1,0,0,0,AA,0,0,0,0,1,0,0,0,1
248,AA3,AB2,16,AA,1,0,0,0,AB,0,0,0,0,1,0,0,0,1
252,AA3,AB6,13,AA,1,0,0,0,AB,0,0,0,0,1,0,0,0,1
255,AA3,AB9,11,AA,1,0,0,0,AB,0,0,0,0,1,0,0,0,1
264,AA3,AB18,16,AA,1,0,0,0,AB,0,0,0,0,1,0,0,0,1
271,AA3,AB25,11,AA,1,0,0,0,AB,0,0,0,0,1,0,0,0,1
272,AA3,AB26,12,AA,1,0,0,0,AB,0,0,0,0,1,0,0,0,1
278,AA3,AB32,16,AA,1,0,0,0,AB,0,0,0,0,1,0,0,0,1
284,AA3,AB38,17,AA,1,0,0,0,AB,0,0,0,0,1,0,0,0,1
309,AA4,AA14,13,AA,1,0,0,0,AA,0,0,0,0,1,0,0,0,1
312,AA4,AA17,18,AA,1,0,0,0,AA,0,0,0,0,1,0,0,0,1
331,AA4,AA36,19,AA,1,0,0,0,AA,0,0,0,0,1,0,0,0,1
333,AA4,AA38,18,AA,1,0,0,0,AA,0,0,0,0,1,0,0,0,1
337,AA4,AA42,16,AA,1,0,0,0,AA,0,0,0,0,1,0,0,0,1
340,AA4,AA45,11,AA,1,0,0,0,AA,0,0,0,0,1,0,0,0,1
342,AA4,AA47,13,AA,1,0,0,0,AA,0,0,0,0,1,0,0,0,1
344,AA4,AA49,15,AA,1,0,0,0,AA,0,0,0,0,1,0,0,0,1
347,AA4,AB2,12,AA,1,0,0,0,AB,0,0,0,0,1,0,0,0,1
351,AA4,AB6,13,AA,1,0,0,0,AB,0,0,0,0,1,0,0,0,1
354,AA4,AB9,11,AA,1,0,0,0,AB,0,0,0,0,1,0,0,0,1
362,AA4,AB17,15,AA,1,0,0,0,AB,0,0,0,0,1,0,0,0,1
370,AA4,AB25,19,AA,1,0,0,0,AB,0,0,0,0,1,0,0,0,1
371,AA4,AB26,15,AA,1,0,0,0,AB,0,0,0,0,1,0,0,0,1
377,AA4,AB32,18,AA,1,0,0,0,AB,0,0,0,0,1,0,0,0,1
383,AA4,AB38,19,AA,1,0,0,0,AB,0,0,0,0,1,0,0,0,1
406,AA5,AA12,12,AA,1,0,0,0,AA,0,0,0,0,1,0,0,0,1
408,AA5,AA14,17,AA,1,0,0,0,AA,0,0,0,0,1,0,0,0,1
411,AA5,AA17,18,AA,1,0,0,0,AA,0,0,0,0,1,0,0,0,1
430,AA5,AA36,10,AA,1,0,0,0,AA,0,0,0,0,1,0,0,0,1
432,AA5,AA38,19,AA,1,0,0,0,AA,0,0,0,0,1,0,0,0,1
433,AA5,AA39,15,AA,1,0,0,0,AA,0,0,0,0,1,0,0,0,1
436,AA5,AA42,19,AA,1,0,0,0,AA,0,0,0,0,1,0,0,0,1
439,AA5,AA45,19,AA,1,0,0,0,AA,0,0,0,0,1,0,0,0,1
443,AA5,AA49,15,AA,1,0,0,0,AA,0,0,0,0,1,0,0,0,1
446,AA5,AB2,12,AA,1,0,0,0,AB,0,0,0,0,1,0,0,0,1
450,AA5,AB6,14,AA,1,0,0,0,AB,0,0,0,0,1,0,0,0,1
461,AA5,AB17,15,AA,1,0,0,0,AB,0,0,0,0,1,0,0,0,1
469,AA5,AB25,19,AA,1,0,0,0,AB,0,0,0,0,1,0,0,0,1
470,AA5,AB26,14,AA,1,0,0,0,AB,0,0,0,0,1,0,0,0,1
476,AA5,AB32,17,AA,1,0,0,0,AB,0,0,0,0,1,0,0,0,1
482,AA5,AB38,13,AA,1,0,0,0,AB,0,0,0,0,1,0,0,0,1
505,AA6,AA12,10,AA,1,0,0,0,AA,0,0,0,0,1,0,0,0,1
507,AA6,AA14,16,AA,1,0,0,0,AA,0,0,0,0,1,0,0,0,1
510,AA6,AA17,18,AA,1,0,0,0,AA,0,0,0,0,1,0,0,0,1
529,AA6,AA36,18,AA,1,0,0,0,AA,0,0,0,0,1,0,0,0,1
532,AA6,AA39,11,AA,1,0,0,0,AA,0,0,0,0,1,0,0,0,1
535,AA6,AA42,15,AA,1,0,0,0,AA,0,0,0,0,1,0,0,0,1
540,AA6,AA47,20,AA,1,0,0,0,AA,0,0,0,0,1,0,0,0,1
545,AA6,AB2,19,AA,1,0,0,0,AB,0,0,0,0,1,0,0,0,1
549,AA6,AB6,15,AA,1,0,0,0,AB,0,0,0,0,1,0,0,0,1
560,AA6,AB17,19,AA,1,0,0,0,AB,0,0,0,0,1,0,0,0,1
561,AA6,AB18,16,AA,1,0,0,0,AB,0,0,0,0,1,0,0,0,1
569,AA6,AB26,10,AA,1,0,0,0,AB,0,0,0,0,1,0,0,0,1
604,AA7,AA12,16,AA,1,0,0,0,AA,0,0,0,0,1,0,0,0,1
609,AA7,AA17,14,AA,1,0,0,0,AA,0,0,0,0,1,0,0,0,1
628,AA7,AA36,16,AA,1,0,0,0,AA,0,0,0,0,1,0,0,0,1
630,AA7,AA38,14,AA,1,0,0,0,AA,0,0,0,0,1,0,0,0,1
631,AA7,AA39,14,AA,1,0,0,0,AA,0,0,0,0,1,0,0,0,1
634,AA7,AA42,10,AA,1,0,0,0,AA,0,0,0,0,1,0,0,0,1
637,AA7,AA45,14,AA,1,0,0,0,AA,0,0,0,0,1,0,0,0,1
639,AA7,AA47,15,AA,1,0,0,0,AA,0,0,0,0,1,0,0,0,1
641,AA7,AA49,12,AA,1,0,0,0,AA,0,0,0,0,1,0,0,0,1
644,AA7,AB2,12,AA,1,0,0,0,AB,0,0,0,0,1,0,0,0,1
648,AA7,AB6,10,AA,1,0,0,0,AB,0,0,0,0,1,0,0,0,1
651,AA7,AB9,20,AA,1,0,0,0,AB,0,0,0,0,1,0,0,0,1
659,AA7,AB17,11,AA,1,0,0,0,AB,0,0,0,0,1,0,0,0,1
660,AA7,AB18,16,AA,1,0,0,0,AB,0,0,0,0,1,0,0,0,1
668,AA7,AB26,18,AA,1,0,0,0,AB,0,0,0,0,1,0,0,0,1
674,AA7,AB32,11,AA,1,0,0,0,AB,0,0,0,0,1,0,0,0,1
682,AA7,AB40,10,AA,1,0,0,0,AB,0,0,0,0,1,0,0,0,1
703,AA8,AA12,19,AA,1,0,0,0,AA,0,0,0,0,1,0,0,0,1
708,AA8,AA17,17,AA,1,0,0,0,AA,0,0,0,0,1,0,0,0,1
729,AA8,AA38,10,AA,1,0,0,0,AA,0,0,0,0,1,0,0,0,1
730,AA8,AA39,11,AA,1,0,0,0,AA,0,0,0,0,1,0,0,0,1
736,AA8,AA45,19,AA,1,0,0,0,AA,0,0,0,0,1,0,0,0,1
738,AA8,AA47,13,AA,1,0,0,0,AA,0,0,0,0,1,0,0,0,1
740,AA8,AA49,19,AA,1,0,0,0,AA,0,0,0,0,1,0,0,0,1
743,AA8,AB2,14,AA,1,0,0,0,AB,0,0,0,0,1,0,0,0,1
747,AA8,AB6,19,AA,1,0,0,0,AB,0,0,0,0,1,0,0,0,1
750,AA8,AB9,17,AA,1,0,0,0,AB,0,0,0,0,1,0,0,0,1
758,AA8,AB17,12,AA,1,0,0,0,AB,0,0,0,0,1,0,0,0,1
759,AA8,AB18,18,AA,1,0,0,0,AB,0,0,0,0,1,0,0,0,1
766,AA8,AB25,20,AA,1,0,0,0,AB,0,0,0,0,1,0,0,0,1
767,AA8,AB26,14,AA,1,0,0,0,AB,0,0,0,0,1,0,0,0,1
773,AA8,AB32,14,AA,1,0,0,0,AB,0,0,0,0,1,0,0,0,1
779,AA8,AB38,19,AA,1,0,0,0,AB,0,0,0,0,1,0,0,0,1
781,AA8,AB40,10,AA,1,0,0,0,AB,0,0,0,0,1,0,0,0,1
802,AA9,AA12,20,AA,1,0,0,0,AA,0,0,0,0,1,0,0,0,1
804,AA9,AA14,18,AA,1,0,0,0,AA,0,0,0,0,1,0,0,0,1
807,AA9,AA17,19,AA,1,0,0,0,AA,0,0,0,0,1,0,0,0,1
826,AA9,AA36,20,AA,1,0,0,0,AA,0,0,0,0,1,0,0,0,1
828,AA9,AA38,20,AA,1,0,0,0,AA,0,0,0,0,1,0,0,0,1
829,AA9,AA39,14,AA,1,0,0,0,AA,0,0,0,0,1,0,0,0,1
832,AA9,AA42,14,AA,1,0,0,0,AA,0,0,0,0,1,0,0,0,1
835,AA9,AA45,11,AA,1,0,0,0,AA,0,0,0,0,1,0,0,0,1
837,AA9,AA47,13,AA,1,0,0,0,AA,0,0,0,0,1,0,0,0,1
839,AA9,AA49,19,AA,1,0,0,0,AA,0,0,0,0,1,0,0,0,1
842,AA9,AB2,12,AA,1,0,0,0,AB,0,0,0,0,1,0,0,0,1
846,AA9,AB6,14,AA,1,0,0,0,AB,0,0,0,0,1,0,0,0,1
849,AA9,AB9,10,AA,1,0,0,0,AB,0,0,0,0,1,0,0,0,1
857,AA9,AB17,11,AA,1,0,0,0,AB,0,0,0,0,1,0,0,0,1
858,AA9,AB18,11,AA,1,0,0,0,AB,0,0,0,0,1,0,0,0,1
865,AA9,AB25,19,AA,1,0,0,0,AB,0,0,0,0,1,0,0,0,1
872,AA9,AB32,10,AA,1,0,0,0,AB,0,0,0,0,1,0,0,0,1
901,AA10,AA12,17,AA,1,0,0,0,AA,0,0,0,0,1,0,0,0,1
903,AA10,AA14,13,AA,1,0,0,0,AA,0,0,0,0,1,0,0,0,1
906,AA10,AA17,15,AA,1,0,0,0,AA,0,0,0,0,1,0,0,0,1
927,AA10,AA38,15,AA,1,0,0,0,AA,0,0,0,0,1,0,0,0,1
931,AA10,AA42,10,AA,1,0,0,0,AA,0,0,0,0,1,0,0,0,1
934,AA10,AA45,16,AA,1,0,0,0,AA,0,0,0,0,1,0,0,0,1
938,AA10,AA49,13,AA,1,0,0,0,AA,0,0,0,0,1,0,0,0,1
941,AA10,AB2,10,AA,1,0,0,0,AB,0,0,0,0,1,0,0,0,1
945,AA10,AB6,20,AA,1,0,0,0,AB,0,0,0,0,1,0,0,0,1
948,AA10,AB9,13,AA,1,0,0,0,AB,0,0,0,0,1,0,0,0,1
956,AA10,AB17,19,AA,1,0,0,0,AB,0,0,0,0,1,0,0,0,1
957,AA10,AB18,10,AA,1,0,0,0,AB,0,0,0,0,1,0,0,0,1
964,AA10,AB25,19,AA,1,0,0,0,AB,0,0,0,0,1,0,0,0,1
965,AA10,AB26,16,AA,1,0,0,0,AB,0,0,0,0,1,0,0,0,1
971,AA10,AB32,10,AA,1,0,0,0,AB,0,0,0,0,1,0,0,0,1
977,AA10,AB38,14,AA,1,0,0,0,AB,0,0,0,0,1,0,0,0,1
1005,AA11,AA17,18,AA,1,0,0,0,AA,0,0,0,0,1,0,0,0,1
1024,AA11,AA36,15,AA,1,0,0,0,AA,0,0,0,0,1,0,0,0,1
1026,AA11,AA38,10,AA,1,0,0,0,AA,0,0,0,0,1,0,0,0,1
1027,AA11,AA39,10,AA,1,0,0,0,AA,0,0,0,0,1,0,0,0,1
1030,AA11,AA42,18,AA,1,0,0,0,AA,0,0,0,0,1,0,0,0,1
1037,AA11,AA49,20,AA,1,0,0,0,AA,0,0,0,0,1,0,0,0,1
1040,AA11,AB2,12,AA,1,0,0,0,AB,0,0,0,0,1,0,0,0,1
1044,AA11,AB6,16,AA,1,0,0,0,AB,0,0,0,0,1,0,0,0,1
1047,AA11,AB9,14,AA,1,0,0,0,AB,0,0,0,0,1,0,0,0,1
1055,AA11,AB17,10,AA,1,0,0,0,AB,0,0,0,0,1,0,0,0,1
1063,AA11,AB25,14,AA,1,0,0,0,AB,0,0,0,0,1,0,0,0,1
1064,AA11,AB26,10,AA,1,0,0,0,AB,0,0,0,0,1,0,0,0,1
1070,AA11,AB32,19,AA,1,0,0,0,AB,0,0,0,0,1,0,0,0,1
1076,AA11,AB38,10,AA,1,0,0,0,AB,0,0,0,0,1,0,0,0,1
1078,AA11,AB40,17,AA,1,0,0,0,AB,0,0,0,0,1,0,0,0,1
1199,AA13,AA12,17,AA,1,0,0,0,AA,0,0,0,0,1,0,0,0,1
1200,AA13,AA14,19,AA,1,0,0,0,AA,0,0,0,0,1,0,0,0,1
1203,AA13,AA17,15,AA,1,0,0,0,AA,0,0,0,0,1,0,0,0,1
1222,AA13,AA36,19,AA,1,0,0,0,AA,0,0,0,0,1,0,0,0,1
1224,AA13,AA38,12,AA,1,0,0,0,AA,0,0,0,0,1,0,0,0,1
1225,AA13,AA39,17,AA,1,0,0,0,AA,0,0,0,0,1,0,0,0,1
1228,AA13,AA42,20,AA,1,0,0,0,AA,0,0,0,0,1,0,0,0,1
1233,AA13,AA47,17,AA,1,0,0,0,AA,0,0,0,0,1,0,0,0,1
1242,AA13,AB6,13,AA,1,0,0,0,AB,0,0,0,0,1,0,0,0,1
1245,AA13,AB9,20,AA,1,0,0,0,AB,0,0,0,0,1,0,0,0,1
1253,AA13,AB17,11,AA,1,0,0,0,AB,0,0,0,0,1,0,0,0,1
1254,AA13,AB18,16,AA,1,0,0,0,AB,0,0,0,0,1,0,0,0,1
1262,AA13,AB26,15,AA,1,0,0,0,AB,0,0,0,0,1,0,0,0,1
1268,AA13,AB32,17,AA,1,0,0,0,AB,0,0,0,0,1,0,0,0,1
1274,AA13,AB38,19,AA,1,0,0,0,AB,0,0,0,0,1,0,0,0,1
1276,AA13,AB40,18,AA,1,0,0,0,AB,0,0,0,0,1,0,0,0,1
1397,AA15,AA12,19,AA,1,0,0,0,AA,0,0,0,0,1,0,0,0,1
1401,AA15,AA17,13,AA,1,0,0,0,AA,0,0,0,0,1,0,0,0,1
1422,AA15,AA38,10,AA,1,0,0,0,AA,0,0,0,0,1,0,0,0,1
1423,AA15,AA39,14,AA,1,0,0,0,AA,0,0,0,0,1,0,0,0,1
1426,AA15,AA42,15,AA,1,0,0,0,AA,0,0,0,0,1,0,0,0,1
1429,AA15,AA45,11,AA,1,0,0,0,AA,0,0,0,0,1,0,0,0,1
1431,AA15,AA47,15,AA,1,0,0,0,AA,0,0,0,0,1,0,0,0,1
1433,AA15,AA49,19,AA,1,0,0,0,AA,0,0,0,0,1,0,0,0,1
1440,AA15,AB6,14,AA,1,0,0,0,AB,0,0,0,0,1,0,0,0,1
1443,AA15,AB9,20,AA,1,0,0,0,AB,0,0,0,0,1,0,0,0,1
1451,AA15,AB17,19,AA,1,0,0,0,AB,0,0,0,0,1,0,0,0,1
1452,AA15,AB18,11,AA,1,0,0,0,AB,0,0,0,0,1,0,0,0,1
1460,AA15,AB26,20,AA,1,0,0,0,AB,0,0,0,0,1,0,0,0,1
1466,AA15,AB32,20,AA,1,0,0,0,AB,0,0,0,0,1,0,0,0,1
1472,AA15,AB38,18,AA,1,0,0,0,AB,0,0,0,0,1,0,0,0,1
1474,AA15,AB40,19,AA,1,0,0,0,AB,0,0,0,0,1,0,0,0,1
1496,AA16,AA12,16,AA,1,0,0,0,AA,0,0,0,0,1,0,0,0,1
1498,AA16,AA14,16,AA,1,0,0,0,AA,0,0,0,0,1,0,0,0,1
1500,AA16,AA17,18,AA,1,0,0,0,AA,0,0,0,0,1,0,0,0,1
1522,AA16,AA39,18,AA,1,0,0,0,AA,0,0,0,0,1,0,0,0,1
1525,AA16,AA42,15,AA,1,0,0,0,AA,0,0,0,0,1,0,0,0,1
1528,AA16,AA45,17,AA,1,0,0,0,AA,0,0,0,0,1,0,0,0,1
1530,AA16,AA47,19,AA,1,0,0,0,AA,0,0,0,0,1,0,0,0,1
1532,AA16,AA49,14,AA,1,0,0,0,AA,0,0,0,0,1,0,0,0,1
1535,AA16,AB2,19,AA,1,0,0,0,AB,0,0,0,0,1,0,0,0,1
1539,AA16,AB6,12,AA,1,0,0,0,AB,0,0,0,0,1,0,0,0,1
1550,AA16,AB17,19,AA,1,0,0,0,AB,0,0,0,0,1,0,0,0,1
1551,AA16,AB18,11,AA,1,0,0,0,AB,0,0,0,0,1,0,0,0,1
1558,AA16,AB25,18,AA,1,0,0,0,AB,0,0,0,0,1,0,0,0,1
1565,AA16,AB32,16,AA,1,0,0,0,AB,0,0,0,0,1,0,0,0,1
1571,AA16,AB38,18,AA,1,0,0,0,AB,0,0,0,0,1,0,0,0,1
1573,AA16,AB40,12,AA,1,0,0,0,AB,0,0,0,0,1,0,0,0,1
1694,AA18,AA12,12,AA,1,0,0,0,AA,0,0,0,0,1,0,0,0,1
1696,AA18,AA14,18,AA,1,0,0,0,AA,0,0,0,0,1,0,0,0,1
1699,AA18,AA17,13,AA,1,0,0,0,AA,0,0,0,0,1,0,0,0,1
1717,AA18,AA36,10,AA,1,0,0,0,AA,0,0,0,0,1,0,0,0,1
1723,AA18,AA42,16,AA,1,0,0,0,AA,0,0,0,0,1,0,0,0,1
1726,AA18,AA45,18,AA,1,0,0,0,AA,0,0,0,0,1,0,0,0,1
1728,AA18,AA47,13,AA,1,0,0,0,AA,0,0,0,0,1,0,0,0,1
1730,AA18,AA49,10,AA,1,0,0,0,AA,0,0,0,0,1,0,0,0,1
1733,AA18,AB2,12,AA,1,0,0,0,AB,0,0,0,0,1,0,0,0,1
1737,AA18,AB6,19,AA,1,0,0,0,AB,0,0,0,0,1,0,0,0,1
1748,AA18,AB17,15,AA,1,0,0,0,AB,0,0,0,0,1,0,0,0,1
1763,AA18,AB32,13,AA,1,0,0,0,AB,0,0,0,0,1,0,0,0,1
1771,AA18,AB40,13,AA,1,0,0,0,AB,0,0,0,0,1,0,0,0,1
1793,AA19,AA12,12,AA,1,0,0,0,AA,0,0,0,0,1,0,0,0,1
1795,AA19,AA14,10,AA,1,0,0,0,AA,0,0,0,0,1,0,0,0,1
1798,AA19,AA17,18,AA,1,0,0,0,AA,0,0,0,0,1,0,0,0,1
1816,AA19,AA36,12,AA,1,0,0,0,AA,0,0,0,0,1,0,0,0,1
1818,AA19,AA38,19,AA,1,0,0,0,AA,0,0,0,0,1,0,0,0,1
1822,AA19,AA42,13,AA,1,0,0,0,AA,0,0,0,0,1,0,0,0,1
1825,AA19,AA45,11,AA,1,0,0,0,AA,0,0,0,0,1,0,0,0,1
1829,AA19,AA49,16,AA,1,0,0,0,AA,0,0,0,0,1,0,0,0,1
1832,AA19,AB2,14,AA,1,0,0,0,AB,0,0,0,0,1,0,0,0,1
1836,AA19,AB6,11,AA,1,0,0,0,AB,0,0,0,0,1,0,0,0,1
1839,AA19,AB9,11,AA,1,0,0,0,AB,0,0,0,0,1,0,0,0,1
1847,AA19,AB17,12,AA,1,0,0,0,AB,0,0,0,0,1,0,0,0,1
1848,AA19,AB18,18,AA,1,0,0,0,AB,0,0,0,0,1,0,0,0,1
1855,AA19,AB25,11,AA,1,0,0,0,AB,0,0,0,0,1,0,0,0,1
1856,AA19,AB26,20,AA,1,0,0,0,AB,0,0,0,0,1,0,0,0,1
1868,AA19,AB38,13,AA,1,0,0,0,AB,0,0,0,0,1,0,0,0,1
1892,AA20,AA12,10,AA,1,0,0,0,AA,0,0,0,0,1,0,0,0,1
1894,AA20,AA14,13,AA,1,0,0,0,AA,0,0,0,0,1,0,0,0,1
1897,AA20,AA17,18,AA,1,0,0,0,AA,0,0,0,0,1,0,0,0,1
1915,AA20,AA36,12,AA,1,0,0,0,AA,0,0,0,0,1,0,0,0,1
1917,AA20,AA38,12,AA,1,0,0,0,AA,0,0,0,0,1,0,0,0,1
1921,AA20,AA42,17,AA,1,0,0,0,AA,0,0,0,0,1,0,0,0,1
1924,AA20,AA45,12,AA,1,0,0,0,AA,0,0,0,0,1,0,0,0,1
1926,AA20,AA47,17,AA,1,0,0,0,AA,0,0,0,0,1,0,0,0,1
1928,AA20,AA49,17,AA,1,0,0,0,AA,0,0,0,0,1,0,0,0,1
1931,AA20,AB2,12,AA,1,0,0,0,AB,0,0,0,0,1,0,0,0,1
1935,AA20,AB6,13,AA,1,0,0,0,AB,0,0,0,0,1,0,0,0,1
1938,AA20,AB9,10,AA,1,0,0,0,AB,0,0,0,0,1,0,0,0,1
1946,AA20,AB17,12,AA,1,0,0,0,AB,0,0,0,0,1,0,0,0,1
1947,AA20,AB18,15,AA,1,0,0,0,AB,0,0,0,0,1,0,0,0,1
1954,AA20,AB25,19,AA,1,0,0,0,AB,0,0,0,0,1,0,0,0,1
1955,AA20,AB26,17,AA,1,0,0,0,AB,0,0,0,0,1,0,0,0,1
1967,AA20,AB38,18,AA,1,0,0,0,AB,0,0,0,0,1,0,0,0,1
1969,AA20,AB40,16,AA,1,0,0,0,AB,0,0,0,0,1,0,0,0,1
1993,AA21,AA14,18,AA,1,0,0,0,AA,0,0,0,0,1,0,0,0,1
1996,AA21,AA17,17,AA,1,0,0,0,AA,0,0,0,0,1,0,0,0,1
2014,AA21,AA36,14,AA,1,0,0,0,AA,0,0,0,0,1,0,0,0,1
2016,AA21,AA38,11,AA,1,0,0,0,AA,0,0,0,0,1,0,0,0,1
2017,AA21,AA39,12,AA,1,0,0,0,AA,0,0,0,0,1,0,0,0,1
2020,AA21,AA42,10,AA,1,0,0,0,AA,0,0,0,0,1,0,0,0,1
2023,AA21,AA45,12,AA,1,0,0,0,AA,0,0,0,0,1,0,0,0,1
2027,AA21,AA49,15,AA,1,0,0,0,AA,0,0,0,0,1,0,0,0,1
2030,AA21,AB2,13,AA,1,0,0,0,AB,0,0,0,0,1,0,0,0,1
2034,AA21,AB6,15,AA,1,0,0,0,AB,0,0,0,0,1,0,0,0,1
2045,AA21,AB17,20,AA,1,0,0,0,AB,0,0,0,0,1,0,0,0,1
2046,AA21,AB18,20,AA,1,0,0,0,AB,0,0,0,0,1,0,0,0,1
2053,AA21,AB25,13,AA,1,0,0,0,AB,0,0,0,0,1,0,0,0,1
2054,AA21,AB26,13,AA,1,0,0,0,AB,0,0,0,0,1,0,0,0,1
2060,AA21,AB32,20,AA,1,0,0,0,AB,0,0,0,0,1,0,0,0,1
2066,AA21,AB38,17,AA,1,0,0,0,AB,0,0,0,0,1,0,0,0,1
2068,AA21,AB40,13,AA,1,0,0,0,AB,0,0,0,0,1,0,0,0,1
2090,AA22,AA12,18,AA,1,0,0,0,AA,0,0,0,0,1,0,0,0,1
2092,AA22,AA14,16,AA,1,0,0,0,AA,0,0,0,0,1,0,0,0,1
2113,AA22,AA36,18,AA,1,0,0,0,AA,0,0,0,0,1,0,0,0,1
2115,AA22,AA38,16,AA,1,0,0,0,AA,0,0,0,0,1,0,0,0,1
2116,AA22,AA39,18,AA,1,0,0,0,AA,0,0,0,0,1,0,0,0,1
2119,AA22,AA42,18,AA,1,0,0,0,AA,0,0,0,0,1,0,0,0,1
2124,AA22,AA47,17,AA,1,0,0,0,AA,0,0,0,0,1,0,0,0,1
2126,AA22,AA49,10,AA,1,0,0,0,AA,0,0,0,0,1,0,0,0,1
2129,AA22,AB2,12,AA,1,0,0,0,AB,0,0,0,0,1,0,0,0,1
2136,AA22,AB9,20,AA,1,0,0,0,AB,0,0,0,0,1,0,0,0,1
2144,AA22,AB17,12,AA,1,0,0,0,AB,0,0,0,0,1,0,0,0,1
2145,AA22,AB18,18,AA,1,0,0,0,AB,0,0,0,0,1,0,0,0,1
2152,AA22,AB25,10,AA,1,0,0,0,AB,0,0,0,0,1,0,0,0,1
2153,AA22,AB26,17,AA,1,0,0,0,AB,0,0,0,0,1,0,0,0,1
2159,AA22,AB32,10,AA,1,0,0,0,AB,0,0,0,0,1,0,0,0,1
2165,AA22,AB38,16,AA,1,0,0,0,AB,0,0,0,0,1,0,0,0,1
2189,AA23,AA12,13,AA,1,0,0,0,AA,0,0,0,0,1,0,0,0,1
2191,AA23,AA14,11,AA,1,0,0,0,AA,0,0,0,0,1,0,0,0,1
2194,AA23,AA17,17,AA,1,0,0,0,AA,0,0,0,0,1,0,0,0,1
2212,AA23,AA36,20,AA,1,0,0,0,AA,0,0,0,0,1,0,0,0,1
2214,AA23,AA38,16,AA,1,0,0,0,AA,0,0,0,0,1,0,0,0,1
2215,AA23,AA39,11,AA,1,0,0,0,AA,0,0,0,0,1,0,0,0,1
2218,AA23,AA42,15,AA,1,0,0,0,AA,0,0,0,0,1,0,0,0,1
2221,AA23,AA45,14,AA,1,0,0,0,AA,0,0,0,0,1,0,0,0,1
2223,AA23,AA47,14,AA,1,0,0,0,AA,0,0,0,0,1,0,0,0,1
2225,AA23,AA49,13,AA,1,0,0,0,AA,0,0,0,0,1,0,0,0,1
2232,AA23,AB6,20,AA,1,0,0,0,AB,0,0,0,0,1,0,0,0,1
2235,AA23,AB9,18,AA,1,0,0,0,AB,0,0,0,0,1,0,0,0,1
2243,AA23,AB17,19,AA,1,0,0,0,AB,0,0,0,0,1,0,0,0,1
2244,AA23,AB18,18,AA,1,0,0,0,AB,0,0,0,0,1,0,0,0,1
2251,AA23,AB25,14,AA,1,0,0,0,AB,0,0,0,0,1,0,0,0,1
2252,AA23,AB26,19,AA,1,0,0,0,AB,0,0,0,0,1,0,0,0,1
2258,AA23,AB32,19,AA,1,0,0,0,AB,0,0,0,0,1,0,0,0,1
2264,AA23,AB38,10,AA,1,0,0,0,AB,0,0,0,0,1,0,0,0,1
2266,AA23,AB40,20,AA,1,0,0,0,AB,0,0,0,0,1,0,0,0,1
2288,AA24,AA12,20,AA,1,0,0,0,AA,0,0,0,0,1,0,0,0,1
2290,AA24,AA14,10,AA,1,0,0,0,AA,0,0,0,0,1,0,0,0,1
2293,AA24,AA17,13,AA,1,0,0,0,AA,0,0,0,0,1,0,0,0,1
2311,AA24,AA36,14,AA,1,0,0,0,AA,0,0,0,0,1,0,0,0,1
2313,AA24,AA38,18,AA,1,0,0,0,AA,0,0,0,0,1,0,0,0,1
2314,AA24,AA39,14,AA,1,0,0,0,AA,0,0,0,0,1,0,0,0,1
2317,AA24,AA42,11,AA,1,0,0,0,AA,0,0,0,0,1,0,0,0,1
2320,AA24,AA45,13,AA,1,0,0,0,AA,0,0,0,0,1,0,0,0,1
2322,AA24,AA47,19,AA,1,0,0,0,AA,0,0,0,0,1,0,0,0,1
2324,AA24,AA49,20,AA,1,0,0,0,AA,0,0,0,0,1,0,0,0,1
2327,AA24,AB2,19,AA,1,0,0,0,AB,0,0,0,0,1,0,0,0,1
2342,AA24,AB17,16,AA,1,0,0,0,AB,0,0,0,0,1,0,0,0,1
2343,AA24,AB18,13,AA,1,0,0,0,AB,0,0,0,0,1,0,0,0,1
2350,AA24,AB25,19,AA,1,0,0,0,AB,0,0,0,0,1,0,0,0,1
2351,AA24,AB26,17,AA,1,0,0,0,AB,0,0,0,0,1,0,0,0,1
2357,AA24,AB32,19,AA,1,0,0,0,AB,0,0,0,0,1,0,0,0,1
2363,AA24,AB38,18,AA,1,0,0,0,AB,0,0,0,0,1,0,0,0,1
2365,AA24,AB40,10,AA,1,0,0,0,AB,0,0,0,0,1,0,0,0,1
2387,AA25,AA12,10,AA,1,0,0,0,AA,0,0,0,0,1,0,0,0,1
2389,AA25,AA14,13,AA,1,0,0,0,AA,0,0,0,0,1,0,0,0,1
2392,AA25,AA17,17,AA,1,0,0,0,AA,0,0,0,0,1,0,0,0,1
2410,AA25,AA36,19,AA,1,0,0,0,AA,0,0,0,0,1,0,0,0,1
2412,AA25,AA38,17,AA,1,0,0,0,AA,0,0,0,0,1,0,0,0,1
2413,AA25,AA39,15,AA,1,0,0,0,AA,0,0,0,0,1,0,0,0,1
2416,AA25,AA42,14,AA,1,0,0,0,AA,0,0,0,0,1,0,0,0,1
2419,AA25,AA45,10,AA,1,0,0,0,AA,0,0,0,0,1,0,0,0,1
2421,AA25,AA47,15,AA,1,0,0,0,AA,0,0,0,0,1,0,0,0,1
2423,AA25,AA49,13,AA,1,0,0,0,AA,0,0,0,0,1,0,0,0,1
2426,AA25,AB2,16,AA,1,0,0,0,AB,0,0,0,0,1,0,0,0,1
2430,AA25,AB6,17,AA,1,0,0,0,AB,0,0,0,0,1,0,0,0,1
2433,AA25,AB9,20,AA,1,0,0,0,AB,0,0,0,0,1,0,0,0,1
2441,AA25,AB17,12,AA,1,0,0,0,AB,0,0,0,0,1,0,0,0,1
2442,AA25,AB18,15,AA,1,0,0,0,AB,0,0,0,0,1,0,0,0,1
2449,AA25,AB25,14,AA,1,0,0,0,AB,0,0,0,0,1,0,0,0,1
2450,AA25,AB26,17,AA,1,0,0,0,AB,0,0,0,0,1,0,0,0,1
2456,AA25,AB32,12,AA,1,0,0,0,AB,0,0,0,0,1,0,0,0,1
2462,AA25,AB38,12,AA,1,0,0,0,AB,0,0,0,0,1,0,0,0,1
2464,AA25,AB40,18,AA,1,0,0,0,AB,0,0,0,0,1,0,0,0,1
2486,AA26,AA12,11,AA,1,0,0,0,AA,0,0,0,0,1,0,0,0,1
2488,AA26,AA14,17,AA,1,0,0,0,AA,0,0,0,0,1,0,0,0,1
2491,AA26,AA17,10,AA,1,0,0,0,AA,0,0,0,0,1,0,0,0,1
2509,AA26,AA36,15,AA,1,0,0,0,AA,0,0,0,0,1,0,0,0,1
2515,AA26,AA42,12,AA,1,0,0,0,AA,0,0,0,0,1,0,0,0,1
2518,AA26,AA45,11,AA,1,0,0,0,AA,0,0,0,0,1,0,0,0,1
2520,AA26,AA47,10,AA,1,0,0,0,AA,0,0,0,0,1,0,0,0,1
2522,AA26,AA49,19,AA,1,0,0,0,AA,0,0,0,0,1,0,0,0,1
2529,AA26,AB6,15,AA,1,0,0,0,AB,0,0,0,0,1,0,0,0,1
2532,AA26,AB9,16,AA,1,0,0,0,AB,0,0,0,0,1,0,0,0,1
2540,AA26,AB17,17,AA,1,0,0,0,AB,0,0,0,0,1,0,0,0,1
2541,AA26,AB18,19,AA,1,0,0,0,AB,0,0,0,0,1,0,0,0,1
2548,AA26,AB25,17,AA,1,0,0,0,AB,0,0,0,0,1,0,0,0,1
2549,AA26,AB26,19,AA,1,0,0,0,AB,0,0,0,0,1,0,0,0,1
2555,AA26,AB32,12,AA,1,0,0,0,AB,0,0,0,0,1,0,0,0,1
2561,AA26,AB38,19,AA,1,0,0,0,AB,0,0,0,0,1,0,0,0,1
2563,AA26,AB40,15,AA,1,0,0,0,AB,0,0,0,0,1,0,0,0,1
2585,AA27,AA12,20,AA,1,0,0,0,AA,0,0,0,0,1,0,0,0,1
2587,AA27,AA14,20,AA,1,0,0,0,AA,0,0,0,0,1,0,0,0,1
2590,AA27,AA17,13,AA,1,0,0,0,AA,0,0,0,0,1,0,0,0,1
2610,AA27,AA38,15,AA,1,0,0,0,AA,0,0,0,0,1,0,0,0,1
2617,AA27,AA45,17,AA,1,0,0,0,AA,0,0,0,0,1,0,0,0,1
2619,AA27,AA47,20,AA,1,0,0,0,AA,0,0,0,0,1,0,0,0,1
2621,AA27,AA49,20,AA,1,0,0,0,AA,0,0,0,0,1,0,0,0,1
2624,AA27,AB2,13,AA,1,0,0,0,AB,0,0,0,0,1,0,0,0,1
2628,AA27,AB6,15,AA,1,0,0,0,AB,0,0,0,0,1,0,0,0,1
2631,AA27,AB9,12,AA,1,0,0,0,AB,0,0,0,0,1,0,0,0,1
2639,AA27,AB17,12,AA,1,0,0,0,AB,0,0,0,0,1,0,0,0,1
2640,AA27,AB18,18,AA,1,0,0,0,AB,0,0,0,0,1,0,0,0,1
2647,AA27,AB25,15,AA,1,0,0,0,AB,0,0,0,0,1,0,0,0,1
2648,AA27,AB26,13,AA,1,0,0,0,AB,0,0,0,0,1,0,0,0,1
2684,AA28,AA12,17,AA,1,0,0,0,AA,0,0,0,0,1,0,0,0,1
2686,AA28,AA14,16,AA,1,0,0,0,AA,0,0,0,0,1,0,0,0,1
2689,AA28,AA17,14,AA,1,0,0,0,AA,0,0,0,0,1,0,0,0,1
2707,AA28,AA36,15,AA,1,0,0,0,AA,0,0,0,0,1,0,0,0,1
2709,AA28,AA38,17,AA,1,0,0,0,AA,0,0,0,0,1,0,0,0,1
2710,AA28,AA39,14,AA,1,0,0,0,AA,0,0,0,0,1,0,0,0,1
2713,AA28,AA42,14,AA,1,0,0,0,AA,0,0,0,0,1,0,0,0,1
2716,AA28,AA45,15,AA,1,0,0,0,AA,0,0,0,0,1,0,0,0,1
2718,AA28,AA47,15,AA,1,0,0,0,AA,0,0,0,0,1,0,0,0,1
2720,AA28,AA49,20,AA,1,0,0,0,AA,0,0,0,0,1,0,0,0,1
2723,AA28,AB2,19,AA,1,0,0,0,AB,0,0,0,0,1,0,0,0,1
2730,AA28,AB9,11,AA,1,0,0,0,AB,0,0,0,0,1,0,0,0,1
2738,AA28,AB17,15,AA,1,0,0,0,AB,0,0,0,0,1,0,0,0,1
2739,AA28,AB18,15,AA,1,0,0,0,AB,0,0,0,0,1,0,0,0,1
2753,AA28,AB32,18,AA,1,0,0,0,AB,0,0,0,0,1,0,0,0,1
2759,AA28,AB38,12,AA,1,0,0,0,AB,0,0,0,0,1,0,0,0,1
2761,AA28,AB40,16,AA,1,0,0,0,AB,0,0,0,0,1,0,0,0,1
2783,AA29,AA12,13,AA,1,0,0,0,AA,0,0,0,0,1,0,0,0,1
2785,AA29,AA14,14,AA,1,0,0,0,AA,0,0,0,0,1,0,0,0,1
2788,AA29,AA17,17,AA,1,0,0,0,AA,0,0,0,0,1,0,0,0,1
2806,AA29,AA36,15,AA,1,0,0,0,AA,0,0,0,0,1,0,0,0,1
2808,AA29,AA38,13,AA,1,0,0,0,AA,0,0,0,0,1,0,0,0,1
2809,AA29,AA39,17,AA,1,0,0,0,AA,0,0,0,0,1,0,0,0,1
2812,AA29,AA42,12,AA,1,0,0,0,AA,0,0,0,0,1,0,0,0,1
2815,AA29,AA45,16,AA,1,0,0,0,AA,0,0,0,0,1,0,0,0,1
2819,AA29,AA49,15,AA,1,0,0,0,AA,0,0,0,0,1,0,0,0,1
2822,AA29,AB2,12,AA,1,0,0,0,AB,0,0,0,0,1,0,0,0,1
2826,AA29,AB6,12,AA,1,0,0,0,AB,0,0,0,0,1,0,0,0,1
2829,AA29,AB9,13,AA,1,0,0,0,AB,0,0,0,0,1,0,0,0,1
2837,AA29,AB17,18,AA,1,0,0,0,AB,0,0,0,0,1,0,0,0,1
2845,AA29,AB25,11,AA,1,0,0,0,AB,0,0,0,0,1,0,0,0,1
2846,AA29,AB26,20,AA,1,0,0,0,AB,0,0,0,0,1,0,0,0,1
2852,AA29,AB32,16,AA,1,0,0,0,AB,0,0,0,0,1,0,0,0,1
2858,AA29,AB38,11,AA,1,0,0,0,AB,0,0,0,0,1,0,0,0,1
2860,AA29,AB40,18,AA,1,0,0,0,AB,0,0,0,0,1,0,0,0,1
2882,AA30,AA12,15,AA,1,0,0,0,AA,0,0,0,0,1,0,0,0,1
2887,AA30,AA17,12,AA,1,0,0,0,AA,0,0,0,0,1,0,0,0,1
2905,AA30,AA36,10,AA,1,0,0,0,AA,0,0,0,0,1,0,0,0,1
2907,AA30,AA38,10,AA,1,0,0,0,AA,0,0,0,0,1,0,0,0,1
2908,AA30,AA39,19,AA,1,0,0,0,AA,0,0,0,0,1,0,0,0,1
2914,AA30,AA45,15,AA,1,0,0,0,AA,0,0,0,0,1,0,0,0,1
2916,AA30,AA47,20,AA,1,0,0,0,AA,0,0,0,0,1,0,0,0,1
2918,AA30,AA49,15,AA,1,0,0,0,AA,0,0,0,0,1,0,0,0,1
2928,AA30,AB9,20,AA,1,0,0,0,AB,0,0,0,0,1,0,0,0,1
2936,AA30,AB17,15,AA,1,0,0,0,AB,0,0,0,0,1,0,0,0,1
2937,AA30,AB18,12,AA,1,0,0,0,AB,0,0,0,0,1,0,0,0,1
2944,AA30,AB25,10,AA,1,0,0,0,AB,0,0,0,0,1,0,0,0,1
2945,AA30,AB26,14,AA,1,0,0,0,AB,0,0,0,0,1,0,0,0,1
2951,AA30,AB32,15,AA,1,0,0,0,AB,0,0,0,0,1,0,0,0,1
2957,AA30,AB38,11,AA,1,0,0,0,AB,0,0,0,0,1,0,0,0,1
2981,AA31,AA12,14,AA,1,0,0,0,AA,0,0,0,0,1,0,0,0,1
2986,AA31,AA17,12,AA,1,0,0,0,AA,0,0,0,0,1,0,0,0,1
3004,AA31,AA36,16,AA,1,0,0,0,AA,0,0,0,0,1,0,0,0,1
3006,AA31,AA38,15,AA,1,0,0,0,AA,0,0,0,0,1,0,0,0,1
3007,AA31,AA39,10,AA,1,0,0,0,AA,0,0,0,0,1,0,0,0,1
3010,AA31,AA42,14,AA,1,0,0,0,AA,0,0,0,0,1,0,0,0,1
3013,AA31,AA45,20,AA,1,0,0,0,AA,0,0,0,0,1,0,0,0,1
3015,AA31,AA47,20,AA,1,0,0,0,AA,0,0,0,0,1,0,0,0,1
3017,AA31,AA49,16,AA,1,0,0,0,AA,0,0,0,0,1,0,0,0,1
3020,AA31,AB2,18,AA,1,0,0,0,AB,0,0,0,0,1,0,0,0,1
3024,AA31,AB6,12,AA,1,0,0,0,AB,0,0,0,0,1,0,0,0,1
3027,AA31,AB9,20,AA,1,0,0,0,AB,0,0,0,0,1,0,0,0,1
3035,AA31,AB17,17,AA,1,0,0,0,AB,0,0,0,0,1,0,0,0,1
3036,AA31,AB18,19,AA,1,0,0,0,AB,0,0,0,0,1,0,0,0,1
3043,AA31,AB25,17,AA,1,0,0,0,AB,0,0,0,0,1,0,0,0,1
3044,AA31,AB26,12,AA,1,0,0,0,AB,0,0,0,0,1,0,0,0,1
3058,AA31,AB40,18,AA,1,0,0,0,AB,0,0,0,0,1,0,0,0,1
3080,AA32,AA12,13,AA,1,0,0,0,AA,0,0,0,0,1,0,0,0,1
3082,AA32,AA14,20,AA,1,0,0,0,AA,0,0,0,0,1,0,0,0,1
3085,AA32,AA17,19,AA,1,0,0,0,AA,0,0,0,0,1,0,0,0,1
3103,AA32,AA36,19,AA,1,0,0,0,AA,0,0,0,0,1,0,0,0,1
3106,AA32,AA39,20,AA,1,0,0,0,AA,0,0,0,0,1,0,0,0,1
3112,AA32,AA45,12,AA,1,0,0,0,AA,0,0,0,0,1,0,0,0,1
3119,AA32,AB2,12,AA,1,0,0,0,AB,0,0,0,0,1,0,0,0,1
3123,AA32,AB6,10,AA,1,0,0,0,AB,0,0,0,0,1,0,0,0,1
3126,AA32,AB9,11,AA,1,0,0,0,AB,0,0,0,0,1,0,0,0,1
3134,AA32,AB17,14,AA,1,0,0,0,AB,0,0,0,0,1,0,0,0,1
3135,AA32,AB18,10,AA,1,0,0,0,AB,0,0,0,0,1,0,0,0,1
3142,AA32,AB25,15,AA,1,0,0,0,AB,0,0,0,0,1,0,0,0,1
3143,AA32,AB26,17,AA,1,0,0,0,AB,0,0,0,0,1,0,0,0,1
3149,AA32,AB32,11,AA,1,0,0,0,AB,0,0,0,0,1,0,0,0,1
3155,AA32,AB38,18,AA,1,0,0,0,AB,0,0,0,0,1,0,0,0,1
3157,AA32,AB40,11,AA,1,0,0,0,AB,0,0,0,0,1,0,0,0,1
3179,AA33,AA12,10,AA,1,0,0,0,AA,0,0,0,0,1,0,0,0,1
3181,AA33,AA14,19,AA,1,0,0,0,AA,0,0,0,0,1,0,0,0,1
3184,AA33,AA17,19,AA,1,0,0,0,AA,0,0,0,0,1,0,0,0,1
3202,AA33,AA36,18,AA,1,0,0,0,AA,0,0,0,0,1,0,0,0,1
3204,AA33,AA38,14,AA,1,0,0,0,AA,0,0,0,0,1,0,0,0,1
3205,AA33,AA39,12,AA,1,0,0,0,AA,0,0,0,0,1,0,0,0,1
3208,AA33,AA42,15,AA,1,0,0,0,AA,0,0,0,0,1,0,0,0,1
3213,AA33,AA47,19,AA,1,0,0,0,AA,0,0,0,0,1,0,0,0,1
3215,AA33,AA49,15,AA,1,0,0,0,AA,0,0,0,0,1,0,0,0,1
3218,AA33,AB2,16,AA,1,0,0,0,AB,0,0,0,0,1,0,0,0,1
3222,AA33,AB6,10,AA,1,0,0,0,AB,0,0,0,0,1,0,0,0,1
3225,AA33,AB9,12,AA,1,0,0,0,AB,0,0,0,0,1,0,0,0,1
3234,AA33,AB18,18,AA,1,0,0,0,AB,0,0,0,0,1,0,0,0,1
3241,AA33,AB25,18,AA,1,0,0,0,AB,0,0,0,0,1,0,0,0,1
3242,AA33,AB26,11,AA,1,0,0,0,AB,0,0,0,0,1,0,0,0,1
3248,AA33,AB32,18,AA,1,0,0,0,AB,0,0,0,0,1,0,0,0,1
3254,AA33,AB38,18,AA,1,0,0,0,AB,0,0,0,0,1,0,0,0,1
3256,AA33,AB40,17,AA,1,0,0,0,AB,0,0,0,0,1,0,0,0,1
3280,AA34,AA14,18,AA,1,0,0,0,AA,0,0,0,0,1,0,0,0,1
3301,AA34,AA36,19,AA,1,0,0,0,AA,0,0,0,0,1,0,0,0,1
3303,AA34,AA38,14,AA,1,0,0,0,AA,0,0,0,0,1,0,0,0,1
3304,AA34,AA39,13,AA,1,0,0,0,AA,0,0,0,0,1,0,0,0,1
3307,AA34,AA42,14,AA,1,0,0,0,AA,0,0,0,0,1,0,0,0,1
3312,AA34,AA47,19,AA,1,0,0,0,AA,0,0,0,0,1,0,0,0,1
3314,AA34,AA49,17,AA,1,0,0,0,AA,0,0,0,0,1,0,0,0,1
3321,AA34,AB6,20,AA,1,0,0,0,AB,0,0,0,0,1,0,0,0,1
3332,AA34,AB17,11,AA,1,0,0,0,AB,0,0,0,0,1,0,0,0,1
3340,AA34,AB25,18,AA,1,0,0,0,AB,0,0,0,0,1,0,0,0,1
3341,AA34,AB26,19,AA,1,0,0,0,AB,0,0,0,0,1,0,0,0,1
3347,AA34,AB32,19,AA,1,0,0,0,AB,0,0,0,0,1,0,0,0,1
3353,AA34,AB38,19,AA,1,0,0,0,AB,0,0,0,0,1,0,0,0,1
3355,AA34,AB40,16,AA,1,0,0,0,AB,0,0,0,0,1,0,0,0,1
3377,AA35,AA12,11,AA,1,0,0,0,AA,0,0,0,0,1,0,0,0,1
3379,AA35,AA14,12,AA,1,0,0,0,AA,0,0,0,0,1,0,0,0,1
3382,AA35,AA17,13,AA,1,0,0,0,AA,0,0,0,0,1,0,0,0,1
3400,AA35,AA36,17,AA,1,0,0,0,AA,0,0,0,0,1,0,0,0,1
3403,AA35,AA39,18,AA,1,0,0,0,AA,0,0,0,0,1,0,0,0,1
3406,AA35,AA42,16,AA,1,0,0,0,AA,0,0,0,0,1,0,0,0,1
3409,AA35,AA45,11,AA,1,0,0,0,AA,0,0,0,0,1,0,0,0,1
3411,AA35,AA47,17,AA,1,0,0,0,AA,0,0,0,0,1,0,0,0,1
3413,AA35,AA49,10,AA,1,0,0,0,AA,0,0,0,0,1,0,0,0,1
3420,AA35,AB6,16,AA,1,0,0,0,AB,0,0,0,0,1,0,0,0,1
3423,AA35,AB9,16,AA,1,0,0,0,AB,0,0,0,0,1,0,0,0,1
3431,AA35,AB17,11,AA,1,0,0,0,AB,0,0,0,0,1,0,0,0,1
3432,AA35,AB18,14,AA,1,0,0,0,AB,0,0,0,0,1,0,0,0,1
3439,AA35,AB25,12,AA,1,0,0,0,AB,0,0,0,0,1,0,0,0,1
3440,AA35,AB26,15,AA,1,0,0,0,AB,0,0,0,0,1,0,0,0,1
3575,AA37,AA12,17,AA,1,0,0,0,AA,0,0,0,0,1,0,0,0,1
3580,AA37,AA17,15,AA,1,0,0,0,AA,0,0,0,0,1,0,0,0,1
3599,AA37,AA36,14,AA,1,0,0,0,AA,0,0,0,0,1,0,0,0,1
3601,AA37,AA39,18,AA,1,0,0,0,AA,0,0,0,0,1,0,0,0,1
3607,AA37,AA45,12,AA,1,0,0,0,AA,0,0,0,0,1,0,0,0,1
3614,AA37,AB2,13,AA,1,0,0,0,AB,0,0,0,0,1,0,0,0,1
3618,AA37,AB6,12,AA,1,0,0,0,AB,0,0,0,0,1,0,0,0,1
3621,AA37,AB9,12,AA,1,0,0,0,AB,0,0,0,0,1,0,0,0,1
3629,AA37,AB17,19,AA,1,0,0,0,AB,0,0,0,0,1,0,0,0,1
3630,AA37,AB18,17,AA,1,0,0,0,AB,0,0,0,0,1,0,0,0,1
3637,AA37,AB25,17,AA,1,0,0,0,AB,0,0,0,0,1,0,0,0,1
3638,AA37,AB26,19,AA,1,0,0,0,AB,0,0,0,0,1,0,0,0,1
3644,AA37,AB32,16,AA,1,0,0,0,AB,0,0,0,0,1,0,0,0,1
3652,AA37,AB40,10,AA,1,0,0,0,AB,0,0,0,0,1,0,0,0,1
3872,AA40,AA12,19,AA,1,0,0,0,AA,0,0,0,0,1,0,0,0,1
3877,AA40,AA17,16,AA,1,0,0,0,AA,0,0,0,0,1,0,0,0,1
3898,AA40,AA38,17,AA,1,0,0,0,AA,0,0,0,0,1,0,0,0,1
3899,AA40,AA39,13,AA,1,0,0,0,AA,0,0,0,0,1,0,0,0,1
3901,AA40,AA42,20,AA,1,0,0,0,AA,0,0,0,0,1,0,0,0,1
3904,AA40,AA45,11,AA,1,0,0,0,AA,0,0,0,0,1,0,0,0,1
3906,AA40,AA47,19,AA,1,0,0,0,AA,0,0,0,0,1,0,0,0,1
3908,AA40,AA49,14,AA,1,0,0,0,AA,0,0,0,0,1,0,0,0,1
3911,AA40,AB2,13,AA,1,0,0,0,AB,0,0,0,0,1,0,0,0,1
3915,AA40,AB6,14,AA,1,0,0,0,AB,0,0,0,0,1,0,0,0,1
3918,AA40,AB9,15,AA,1,0,0,0,AB,0,0,0,0,1,0,0,0,1
3926,AA40,AB17,18,AA,1,0,0,0,AB,0,0,0,0,1,0,0,0,1
3927,AA40,AB18,11,AA,1,0,0,0,AB,0,0,0,0,1,0,0,0,1
3934,AA40,AB25,11,AA,1,0,0,0,AB,0,0,0,0,1,0,0,0,1
3935,AA40,AB26,17,AA,1,0,0,0,AB,0,0,0,0,1,0,0,0,1
3941,AA40,AB32,18,AA,1,0,0,0,AB,0,0,0,0,1,0,0,0,1
3947,AA40,AB38,16,AA,1,0,0,0,AB,0,0,0,0,1,0,0,0,1
3949,AA40,AB40,10,AA,1,0,0,0,AB,0,0,0,0,1,0,0,0,1
3976,AA41,AA17,19,AA,1,0,0,0,AA,0,0,0,0,1,0,0,0,1
3995,AA41,AA36,14,AA,1,0,0,0,AA,0,0,0,0,1,0,0,0,1
4000,AA41,AA42,16,AA,1,0,0,0,AA,0,0,0,0,1,0,0,0,1
4003,AA41,AA45,19,AA,1,0,0,0,AA,0,0,0,0,1,0,0,0,1
4005,AA41,AA47,17,AA,1,0,0,0,AA,0,0,0,0,1,0,0,0,1
4007,AA41,AA49,16,AA,1,0,0,0,AA,0,0,0,0,1,0,0,0,1
4010,AA41,AB2,13,AA,1,0,0,0,AB,0,0,0,0,1,0,0,0,1
4017,AA41,AB9,15,AA,1,0,0,0,AB,0,0,0,0,1,0,0,0,1
4025,AA41,AB17,12,AA,1,0,0,0,AB,0,0,0,0,1,0,0,0,1
4026,AA41,AB18,14,AA,1,0,0,0,AB,0,0,0,0,1,0,0,0,1
4033,AA41,AB25,15,AA,1,0,0,0,AB,0,0,0,0,1,0,0,0,1
4034,AA41,AB26,11,AA,1,0,0,0,AB,0,0,0,0,1,0,0,0,1
4046,AA41,AB38,20,AA,1,0,0,0,AB,0,0,0,0,1,0,0,0,1
4171,AA43,AA14,16,AA,1,0,0,0,AA,0,0,0,0,1,0,0,0,1
4174,AA43,AA17,17,AA,1,0,0,0,AA,0,0,0,0,1,0,0,0,1
4196,AA43,AA39,11,AA,1,0,0,0,AA,0,0,0,0,1,0,0,0,1
4199,AA43,AA42,14,AA,1,0,0,0,AA,0,0,0,0,1,0,0,0,1
4201,AA43,AA45,15,AA,1,0,0,0,AA,0,0,0,0,1,0,0,0,1
4203,AA43,AA47,18,AA,1,0,0,0,AA,0,0,0,0,1,0,0,0,1
4205,AA43,AA49,16,AA,1,0,0,0,AA,0,0,0,0,1,0,0,0,1
4208,AA43,AB2,15,AA,1,0,0,0,AB,0,0,0,0,1,0,0,0,1
4212,AA43,AB6,16,AA,1,0,0,0,AB,0,0,0,0,1,0,0,0,1
4215,AA43,AB9,10,AA,1,0,0,0,AB,0,0,0,0,1,0,0,0,1
4223,AA43,AB17,14,AA,1,0,0,0,AB,0,0,0,0,1,0,0,0,1
4224,AA43,AB18,17,AA,1,0,0,0,AB,0,0,0,0,1,0,0,0,1
4231,AA43,AB25,17,AA,1,0,0,0,AB,0,0,0,0,1,0,0,0,1
4232,AA43,AB26,20,AA,1,0,0,0,AB,0,0,0,0,1,0,0,0,1
4238,AA43,AB32,18,AA,1,0,0,0,AB,0,0,0,0,1,0,0,0,1
4246,AA43,AB40,19,AA,1,0,0,0,AB,0,0,0,0,1,0,0,0,1
4268,AA44,AA12,16,AA,1,0,0,0,AA,0,0,0,0,1,0,0,0,1
4294,AA44,AA38,18,AA,1,0,0,0,AA,0,0,0,0,1,0,0,0,1
4295,AA44,AA39,20,AA,1,0,0,0,AA,0,0,0,0,1,0,0,0,1
4298,AA44,AA42,10,AA,1,0,0,0,AA,0,0,0,0,1,0,0,0,1
4302,AA44,AA47,16,AA,1,0,0,0,AA,0,0,0,0,1,0,0,0,1
4304,AA44,AA49,18,AA,1,0,0,0,AA,0,0,0,0,1,0,0,0,1
4307,AA44,AB2,17,AA,1,0,0,0,AB,0,0,0,0,1,0,0,0,1
4311,AA44,AB6,10,AA,1,0,0,0,AB,0,0,0,0,1,0,0,0,1
4314,AA44,AB9,15,AA,1,0,0,0,AB,0,0,0,0,1,0,0,0,1
4322,AA44,AB17,18,AA,1,0,0,0,AB,0,0,0,0,1,0,0,0,1
4323,AA44,AB18,10,AA,1,0,0,0,AB,0,0,0,0,1,0,0,0,1
4330,AA44,AB25,18,AA,1,0,0,0,AB,0,0,0,0,1,0,0,0,1
4337,AA44,AB32,11,AA,1,0,0,0,AB,0,0,0,0,1,0,0,0,1
4343,AA44,AB38,18,AA,1,0,0,0,AB,0,0,0,0,1,0,0,0,1
4466,AA46,AA12,15,AA,1,0,0,0,AA,0,0,0,0,1,0,0,0,1
4471,AA46,AA17,17,AA,1,0,0,0,AA,0,0,0,0,1,0,0,0,1
4490,AA46,AA36,11,AA,1,0,0,0,AA,0,0,0,0,1,0,0,0,1
4493,AA46,AA39,20,AA,1,0,0,0,AA,0,0,0,0,1,0,0,0,1
4496,AA46,AA42,17,AA,1,0,0,0,AA,0,0,0,0,1,0,0,0,1
4499,AA46,AA45,20,AA,1,0,0,0,AA,0,0,0,0,1,0,0,0,1
4500,AA46,AA47,13,AA,1,0,0,0,AA,0,0,0,0,1,0,0,0,1
4502,AA46,AA49,11,AA,1,0,0,0,AA,0,0,0,0,1,0,0,0,1
4509,AA46,AB6,14,AA,1,0,0,0,AB,0,0,0,0,1,0,0,0,1
4520,AA46,AB17,15,AA,1,0,0,0,AB,0,0,0,0,1,0,0,0,1
4521,AA46,AB18,12,AA,1,0,0,0,AB,0,0,0,0,1,0,0,0,1
4529,AA46,AB26,12,AA,1,0,0,0,AB,0,0,0,0,1,0,0,0,1
4535,AA46,AB32,16,AA,1,0,0,0,AB,0,0,0,0,1,0,0,0,1
4541,AA46,AB38,20,AA,1,0,0,0,AB,0,0,0,0,1,0,0,0,1
4666,AA48,AA14,14,AA,1,0,0,0,AA,0,0,0,0,1,0,0,0,1
4669,AA48,AA17,12,AA,1,0,0,0,AA,0,0,0,0,1,0,0,0,1
4688,AA48,AA36,19,AA,1,0,0,0,AA,0,0,0,0,1,0,0,0,1
4691,AA48,AA39,13,AA,1,0,0,0,AA,0,0,0,0,1,0,0,0,1
4694,AA48,AA42,19,AA,1,0,0,0,AA,0,0,0,0,1,0,0,0,1
4700,AA48,AA49,19,AA,1,0,0,0,AA,0,0,0,0,1,0,0,0,1
4703,AA48,AB2,14,AA,1,0,0,0,AB,0,0,0,0,1,0,0,0,1
4707,AA48,AB6,13,AA,1,0,0,0,AB,0,0,0,0,1,0,0,0,1
4710,AA48,AB9,20,AA,1,0,0,0,AB,0,0,0,0,1,0,0,0,1
4718,AA48,AB17,14,AA,1,0,0,0,AB,0,0,0,0,1,0,0,0,1
4726,AA48,AB25,14,AA,1,0,0,0,AB,0,0,0,0,1,0,0,0,1
4727,AA48,AB26,11,AA,1,0,0,0,AB,0,0,0,0,1,0,0,0,1
4741,AA48,AB40,11,AA,1,0,0,0,AB,0,0,0,0,1,0,0,0,1
4862,AA50,AA12,19,AA,1,0,0,0,AA,0,0,0,0,1,0,0,0,1
4867,AA50,AA17,19,AA,1,0,0,0,AA,0,0,0,0,1,0,0,0,1
4888,AA50,AA38,16,AA,1,0,0,0,AA,0,0,0,0,1,0,0,0,1
4889,AA50,AA39,13,AA,1,0,0,0,AA,0,0,0,0,1,0,0,0,1
4892,AA50,AA42,17,AA,1,0,0,0,AA,0,0,0,0,1,0,0,0,1
4895,AA50,AA45,13,AA,1,0,0,0,AA,0,0,0,0,1,0,0,0,1
4897,AA50,AA47,19,AA,1,0,0,0,AA,0,0,0,0,1,0,0,0,1
4901,AA50,AB2,13,AA,1,0,0,0,AB,0,0,0,0,1,0,0,0,1
4905,AA50,AB6,16,AA,1,0,0,0,AB,0,0,0,0,1,0,0,0,1
4908,AA50,AB9,17,AA,1,0,0,0,AB,0,0,0,0,1,0,0,0,1
4916,AA50,AB17,18,AA,1,0,0,0,AB,0,0,0,0,1,0,0,0,1
4917,AA50,AB18,14,AA,1,0,0,0,AB,0,0,0,0,1,0,0,0,1
4924,AA50,AB25,18,AA,1,0,0,0,AB,0,0,0,0,1,0,0,0,1
4931,AA50,AB32,10,AA,1,0,0,0,AB,0,0,0,0,1,0,0,0,1
4937,AA50,AB38,20,AA,1,0,0,0,AB,0,0,0,0,1,0,0,0,1
4939,AA50,AB40,19,AA,1,0,0,0,AB,0,0,0,0,1,0,0,0,1
4961,AB1,AA12,20,AB,1,0,0,0,AA,0,0,0,0,1,0,0,0,1
4966,AB1,AA17,17,AB,1,0,0,0,AA,0,0,0,0,1,0,0,0,1
4985,AB1,AA36,11,AB,1,0,0,0,AA,0,0,0,0,1,0,0,0,1
4987,AB1,AA38,18,AB,1,0,0,0,AA,0,0,0,0,1,0,0,0,1
4988,AB1,AA39,13,AB,1,0,0,0,AA,0,0,0,0,1,0,0,0,1
4991,AB1,AA42,13,AB,1,0,0,0,AA,0,0,0,0,1,0,0,0,1
4994,AB1,AA45,13,AB,1,0,0,0,AA,0,0,0,0,1,0,0,0,1
5000,AB1,AB2,12,AB,1,0,0,0,AB,0,0,0,0,1,0,0,0,1
5004,AB1,AB6,13,AB,1,0,0,0,AB,0,0,0,0,1,0,0,0,1
5007,AB1,AB9,19,AB,1,0,0,0,AB,0,0,0,0,1,0,0,0,1
5015,AB1,AB17,17,AB,1,0,0,0,AB,0,0,0,0,1,0,0,0,1
5016,AB1,AB18,15,AB,1,0,0,0,AB,0,0,0,0,1,0,0,0,1
5023,AB1,AB25,19,AB,1,0,0,0,AB,0,0,0,0,1,0,0,0,1
5030,AB1,AB32,18,AB,1,0,0,0,AB,0,0,0,0,1,0,0,0,1
5036,AB1,AB38,17,AB,1,0,0,0,AB,0,0,0,0,1,0,0,0,1
5038,AB1,AB40,20,AB,1,0,0,0,AB,0,0,0,0,1,0,0,0,1
5159,AB3,AA12,20,AB,1,0,0,0,AA,0,0,0,0,1,0,0,0,1
5161,AB3,AA14,14,AB,1,0,0,0,AA,0,0,0,0,1,0,0,0,1
5164,AB3,AA17,16,AB,1,0,0,0,AA,0,0,0,0,1,0,0,0,1
5185,AB3,AA38,14,AB,1,0,0,0,AA,0,0,0,0,1,0,0,0,1
5186,AB3,AA39,16,AB,1,0,0,0,AA,0,0,0,0,1,0,0,0,1
5189,AB3,AA42,11,AB,1,0,0,0,AA,0,0,0,0,1,0,0,0,1
5194,AB3,AA47,19,AB,1,0,0,0,AA,0,0,0,0,1,0,0,0,1
5196,AB3,AA49,14,AB,1,0,0,0,AA,0,0,0,0,1,0,0,0,1
5202,AB3,AB6,12,AB,1,0,0,0,AB,0,0,0,0,1,0,0,0,1
5205,AB3,AB9,11,AB,1,0,0,0,AB,0,0,0,0,1,0,0,0,1
5213,AB3,AB17,15,AB,1,0,0,0,AB,0,0,0,0,1,0,0,0,1
5214,AB3,AB18,17,AB,1,0,0,0,AB,0,0,0,0,1,0,0,0,1
5221,AB3,AB25,19,AB,1,0,0,0,AB,0,0,0,0,1,0,0,0,1
5222,AB3,AB26,19,AB,1,0,0,0,AB,0,0,0,0,1,0,0,0,1
5228,AB3,AB32,11,AB,1,0,0,0,AB,0,0,0,0,1,0,0,0,1
5258,AB4,AA12,11,AB,1,0,0,0,AA,0,0,0,0,1,0,0,0,1
5260,AB4,AA14,16,AB,1,0,0,0,AA,0,0,0,0,1,0,0,0,1
5263,AB4,AA17,15,AB,1,0,0,0,AA,0,0,0,0,1,0,0,0,1
5282,AB4,AA36,20,AB,1,0,0,0,AA,0,0,0,0,1,0,0,0,1
5284,AB4,AA38,17,AB,1,0,0,0,AA,0,0,0,0,1,0,0,0,1
5291,AB4,AA45,16,AB,1,0,0,0,AA,0,0,0,0,1,0,0,0,1
5298,AB4,AB2,14,AB,1,0,0,0,AB,0,0,0,0,1,0,0,0,1
5301,AB4,AB6,13,AB,1,0,0,0,AB,0,0,0,0,1,0,0,0,1
5304,AB4,AB9,20,AB,1,0,0,0,AB,0,0,0,0,1,0,0,0,1
5312,AB4,AB17,18,AB,1,0,0,0,AB,0,0,0,0,1,0,0,0,1
5313,AB4,AB18,13,AB,1,0,0,0,AB,0,0,0,0,1,0,0,0,1
5320,AB4,AB25,11,AB,1,0,0,0,AB,0,0,0,0,1,0,0,0,1
5321,AB4,AB26,16,AB,1,0,0,0,AB,0,0,0,0,1,0,0,0,1
5327,AB4,AB32,14,AB,1,0,0,0,AB,0,0,0,0,1,0,0,0,1
5333,AB4,AB38,10,AB,1,0,0,0,AB,0,0,0,0,1,0,0,0,1
5335,AB4,AB40,20,AB,1,0,0,0,AB,0,0,0,0,1,0,0,0,1
5357,AB5,AA12,13,AB,1,0,0,0,AA,0,0,0,0,1,0,0,0,1
5362,AB5,AA17,11,AB,1,0,0,0,AA,0,0,0,0,1,0,0,0,1
5383,AB5,AA38,18,AB,1,0,0,0,AA,0,0,0,0,1,0,0,0,1
5384,AB5,AA39,12,AB,1,0,0,0,AA,0,0,0,0,1,0,0,0,1
5387,AB5,AA42,18,AB,1,0,0,0,AA,0,0,0,0,1,0,0,0,1
5390,AB5,AA45,17,AB,1,0,0,0,AA,0,0,0,0,1,0,0,0,1
5392,AB5,AA47,15,AB,1,0,0,0,AA,0,0,0,0,1,0,0,0,1
5397,AB5,AB2,13,AB,1,0,0,0,AB,0,0,0,0,1,0,0,0,1
5403,AB5,AB9,14,AB,1,0,0,0,AB,0,0,0,0,1,0,0,0,1
5411,AB5,AB17,10,AB,1,0,0,0,AB,0,0,0,0,1,0,0,0,1
5412,AB5,AB18,11,AB,1,0,0,0,AB,0,0,0,0,1,0,0,0,1
5419,AB5,AB25,16,AB,1,0,0,0,AB,0,0,0,0,1,0,0,0,1
5420,AB5,AB26,16,AB,1,0,0,0,AB,0,0,0,0,1,0,0,0,1
5426,AB5,AB32,17,AB,1,0,0,0,AB,0,0,0,0,1,0,0,0,1
5434,AB5,AB40,19,AB,1,0,0,0,AB,0,0,0,0,1,0,0,0,1
5555,AB7,AA12,16,AB,1,0,0,0,AA,0,0,0,0,1,0,0,0,1
5557,AB7,AA14,10,AB,1,0,0,0,AA,0,0,0,0,1,0,0,0,1
5560,AB7,AA17,10,AB,1,0,0,0,AA,0,0,0,0,1,0,0,0,1
5579,AB7,AA36,20,AB,1,0,0,0,AA,0,0,0,0,1,0,0,0,1
5582,AB7,AA39,20,AB,1,0,0,0,AA,0,0,0,0,1,0,0,0,1
5588,AB7,AA45,20,AB,1,0,0,0,AA,0,0,0,0,1,0,0,0,1
5590,AB7,AA47,12,AB,1,0,0,0,AA,0,0,0,0,1,0,0,0,1
5592,AB7,AA49,14,AB,1,0,0,0,AA,0,0,0,0,1,0,0,0,1
5595,AB7,AB2,14,AB,1,0,0,0,AB,0,0,0,0,1,0,0,0,1
5599,AB7,AB6,16,AB,1,0,0,0,AB,0,0,0,0,1,0,0,0,1
5601,AB7,AB9,17,AB,1,0,0,0,AB,0,0,0,0,1,0,0,0,1
5609,AB7,AB17,10,AB,1,0,0,0,AB,0,0,0,0,1,0,0,0,1
5617,AB7,AB25,19,AB,1,0,0,0,AB,0,0,0,0,1,0,0,0,1
5618,AB7,AB26,13,AB,1,0,0,0,AB,0,0,0,0,1,0,0,0,1
5630,AB7,AB38,15,AB,1,0,0,0,AB,0,0,0,0,1,0,0,0,1
5632,AB7,AB40,19,AB,1,0,0,0,AB,0,0,0,0,1,0,0,0,1
5654,AB8,AA12,14,AB,1,0,0,0,AA,0,0,0,0,1,0,0,0,1
5656,AB8,AA14,10,AB,1,0,0,0,AA,0,0,0,0,1,0,0,0,1
5659,AB8,AA17,13,AB,1,0,0,0,AA,0,0,0,0,1,0,0,0,1
5678,AB8,AA36,12,AB,1,0,0,0,AA,0,0,0,0,1,0,0,0,1
5680,AB8,AA38,11,AB,1,0,0,0,AA,0,0,0,0,1,0,0,0,1
5687,AB8,AA45,10,AB,1,0,0,0,AA,0,0,0,0,1,0,0,0,1
5689,AB8,AA47,17,AB,1,0,0,0,AA,0,0,0,0,1,0,0,0,1
5694,AB8,AB2,20,AB,1,0,0,0,AB,0,0,0,0,1,0,0,0,1
5698,AB8,AB6,11,AB,1,0,0,0,AB,0,0,0,0,1,0,0,0,1
5700,AB8,AB9,12,AB,1,0,0,0,AB,0,0,0,0,1,0,0,0,1
5708,AB8,AB17,14,AB,1,0,0,0,AB,0,0,0,0,1,0,0,0,1
5709,AB8,AB18,19,AB,1,0,0,0,AB,0,0,0,0,1,0,0,0,1
5717,AB8,AB26,20,AB,1,0,0,0,AB,0,0,0,0,1,0,0,0,1
5723,AB8,AB32,19,AB,1,0,0,0,AB,0,0,0,0,1,0,0,0,1
5729,AB8,AB38,14,AB,1,0,0,0,AB,0,0,0,0,1,0,0,0,1
5731,AB8,AB40,12,AB,1,0,0,0,AB,0,0,0,0,1,0,0,0,1
5852,AB10,AA12,15,AB,1,0,0,0,AA,0,0,0,0,1,0,0,0,1
5854,AB10,AA14,16,AB,1,0,0,0,AA,0,0,0,0,1,0,0,0,1
5857,AB10,AA17,16,AB,1,0,0,0,AA,0,0,0,0,1,0,0,0,1
5879,AB10,AA39,12,AB,1,0,0,0,AA,0,0,0,0,1,0,0,0,1
5882,AB10,AA42,17,AB,1,0,0,0,AA,0,0,0,0,1,0,0,0,1
5885,AB10,AA45,14,AB,1,0,0,0,AA,0,0,0,0,1,0,0,0,1
5887,AB10,AA47,15,AB,1,0,0,0,AA,0,0,0,0,1,0,0,0,1
5889,AB10,AA49,12,AB,1,0,0,0,AA,0,0,0,0,1,0,0,0,1
5896,AB10,AB6,14,AB,1,0,0,0,AB,0,0,0,0,1,0,0,0,1
5899,AB10,AB9,15,AB,1,0,0,0,AB,0,0,0,0,1,0,0,0,1
5906,AB10,AB17,18,AB,1,0,0,0,AB,0,0,0,0,1,0,0,0,1
5907,AB10,AB18,16,AB,1,0,0,0,AB,0,0,0,0,1,0,0,0,1
5914,AB10,AB25,10,AB,1,0,0,0,AB,0,0,0,0,1,0,0,0,1
5915,AB10,AB26,15,AB,1,0,0,0,AB,0,0,0,0,1,0,0,0,1
5921,AB10,AB32,16,AB,1,0,0,0,AB,0,0,0,0,1,0,0,0,1
5929,AB10,AB40,13,AB,1,0,0,0,AB,0,0,0,0,1,0,0,0,1
5956,AB11,AA17,18,AB,1,0,0,0,AA,0,0,0,0,1,0,0,0,1
5977,AB11,AA38,13,AB,1,0,0,0,AA,0,0,0,0,1,0,0,0,1
5978,AB11,AA39,10,AB,1,0,0,0,AA,0,0,0,0,1,0,0,0,1
5981,AB11,AA42,19,AB,1,0,0,0,AA,0,0,0,0,1,0,0,0,1
5986,AB11,AA47,18,AB,1,0,0,0,AA,0,0,0,0,1,0,0,0,1
5988,AB11,AA49,11,AB,1,0,0,0,AA,0,0,0,0,1,0,0,0,1
5991,AB11,AB2,12,AB,1,0,0,0,AB,0,0,0,0,1,0,0,0,1
5995,AB11,AB6,16,AB,1,0,0,0,AB,0,0,0,0,1,0,0,0,1
5998,AB11,AB9,19,AB,1,0,0,0,AB,0,0,0,0,1,0,0,0,1
6005,AB11,AB17,17,AB,1,0,0,0,AB,0,0,0,0,1,0,0,0,1
6006,AB11,AB18,11,AB,1,0,0,0,AB,0,0,0,0,1,0,0,0,1
6014,AB11,AB26,13,AB,1,0,0,0,AB,0,0,0,0,1,0,0,0,1
6020,AB11,AB32,14,AB,1,0,0,0,AB,0,0,0,0,1,0,0,0,1
6026,AB11,AB38,17,AB,1,0,0,0,AB,0,0,0,0,1,0,0,0,1
6028,AB11,AB40,11,AB,1,0,0,0,AB,0,0,0,0,1,0,0,0,1
6052,AB12,AA14,14,AB,1,0,0,0,AA,0,0,0,0,1,0,0,0,1
6055,AB12,AA17,16,AB,1,0,0,0,AA,0,0,0,0,1,0,0,0,1
6074,AB12,AA36,19,AB,1,0,0,0,AA,0,0,0,0,1,0,0,0,1
6076,AB12,AA38,16,AB,1,0,0,0,AA,0,0,0,0,1,0,0,0,1
6077,AB12,AA39,11,AB,1,0,0,0,AA,0,0,0,0,1,0,0,0,1
6080,AB12,AA42,16,AB,1,0,0,0,AA,0,0,0,0,1,0,0,0,1
6083,AB12,AA45,18,AB,1,0,0,0,AA,0,0,0,0,1,0,0,0,1
6087,AB12,AA49,16,AB,1,0,0,0,AA,0,0,0,0,1,0,0,0,1
6090,AB12,AB2,14,AB,1,0,0,0,AB,0,0,0,0,1,0,0,0,1
6094,AB12,AB6,10,AB,1,0,0,0,AB,0,0,0,0,1,0,0,0,1
6097,AB12,AB9,11,AB,1,0,0,0,AB,0,0,0,0,1,0,0,0,1
6104,AB12,AB17,15,AB,1,0,0,0,AB,0,0,0,0,1,0,0,0,1
6105,AB12,AB18,13,AB,1,0,0,0,AB,0,0,0,0,1,0,0,0,1
6112,AB12,AB25,19,AB,1,0,0,0,AB,0,0,0,0,1,0,0,0,1
6113,AB12,AB26,20,AB,1,0,0,0,AB,0,0,0,0,1,0,0,0,1
6119,AB12,AB32,19,AB,1,0,0,0,AB,0,0,0,0,1,0,0,0,1
6125,AB12,AB38,15,AB,1,0,0,0,AB,0,0,0,0,1,0,0,0,1
6127,AB12,AB40,11,AB,1,0,0,0,AB,0,0,0,0,1,0,0,0,1
6149,AB13,AA12,10,AB,1,0,0,0,AA,0,0,0,0,1,0,0,0,1
6151,AB13,AA14,13,AB,1,0,0,0,AA,0,0,0,0,1,0,0,0,1
6154,AB13,AA17,12,AB,1,0,0,0,AA,0,0,0,0,1,0,0,0,1
6173,AB13,AA36,14,AB,1,0,0,0,AA,0,0,0,0,1,0,0,0,1
6175,AB13,AA38,15,AB,1,0,0,0,AA,0,0,0,0,1,0,0,0,1
6176,AB13,AA39,10,AB,1,0,0,0,AA,0,0,0,0,1,0,0,0,1
6179,AB13,AA42,20,AB,1,0,0,0,AA,0,0,0,0,1,0,0,0,1
6184,AB13,AA47,11,AB,1,0,0,0,AA,0,0,0,0,1,0,0,0,1
6186,AB13,AA49,18,AB,1,0,0,0,AA,0,0,0,0,1,0,0,0,1
6189,AB13,AB2,19,AB,1,0,0,0,AB,0,0,0,0,1,0,0,0,1
6193,AB13,AB6,12,AB,1,0,0,0,AB,0,0,0,0,1,0,0,0,1
6196,AB13,AB9,20,AB,1,0,0,0,AB,0,0,0,0,1,0,0,0,1
6203,AB13,AB17,13,AB,1,0,0,0,AB,0,0,0,0,1,0,0,0,1
6211,AB13,AB25,10,AB,1,0,0,0,AB,0,0,0,0,1,0,0,0,1
6218,AB13,AB32,16,AB,1,0,0,0,AB,0,0,0,0,1,0,0,0,1
6224,AB13,AB38,17,AB,1,0,0,0,AB,0,0,0,0,1,0,0,0,1
6248,AB14,AA12,19,AB,1,0,0,0,AA,0,0,0,0,1,0,0,0,1
6250,AB14,AA14,19,AB,1,0,0,0,AA,0,0,0,0,1,0,0,0,1
6253,AB14,AA17,12,AB,1,0,0,0,AA,0,0,0,0,1,0,0,0,1
6272,AB14,AA36,20,AB,1,0,0,0,AA,0,0,0,0,1,0,0,0,1
6274,AB14,AA38,14,AB,1,0,0,0,AA,0,0,0,0,1,0,0,0,1
6275,AB14,AA39,16,AB,1,0,0,0,AA,0,0,0,0,1,0,0,0,1
6278,AB14,AA42,14,AB,1,0,0,0,AA,0,0,0,0,1,0,0,0,1
6281,AB14,AA45,14,AB,1,0,0,0,AA,0,0,0,0,1,0,0,0,1
6283,AB14,AA47,20,AB,1,0,0,0,AA,0,0,0,0,1,0,0,0,1
6285,AB14,AA49,12,AB,1,0,0,0,AA,0,0,0,0,1,0,0,0,1
6288,AB14,AB2,15,AB,1,0,0,0,AB,0,0,0,0,1,0,0,0,1
6302,AB14,AB17,11,AB,1,0,0,0,AB,0,0,0,0,1,0,0,0,1
6311,AB14,AB26,19,AB,1,0,0,0,AB,0,0,0,0,1,0,0,0,1
6317,AB14,AB32,13,AB,1,0,0,0,AB,0,0,0,0,1,0,0,0,1
6323,AB14,AB38,14,AB,1,0,0,0,AB,0,0,0,0,1,0,0,0,1
6325,AB14,AB40,18,AB,1,0,0,0,AB,0,0,0,0,1,0,0,0,1
6347,AB15,AA12,18,AB,1,0,0,0,AA,0,0,0,0,1,0,0,0,1
6349,AB15,AA14,14,AB,1,0,0,0,AA,0,0,0,0,1,0,0,0,1
6352,AB15,AA17,13,AB,1,0,0,0,AA,0,0,0,0,1,0,0,0,1
6371,AB15,AA36,13,AB,1,0,0,0,AA,0,0,0,0,1,0,0,0,1
6374,AB15,AA39,16,AB,1,0,0,0,AA,0,0,0,0,1,0,0,0,1
6384,AB15,AA49,19,AB,1,0,0,0,AA,0,0,0,0,1,0,0,0,1
6387,AB15,AB2,18,AB,1,0,0,0,AB,0,0,0,0,1,0,0,0,1
6391,AB15,AB6,11,AB,1,0,0,0,AB,0,0,0,0,1,0,0,0,1
6394,AB15,AB9,17,AB,1,0,0,0,AB,0,0,0,0,1,0,0,0,1
6401,AB15,AB17,16,AB,1,0,0,0,AB,0,0,0,0,1,0,0,0,1
6402,AB15,AB18,16,AB,1,0,0,0,AB,0,0,0,0,1,0,0,0,1
6409,AB15,AB25,20,AB,1,0,0,0,AB,0,0,0,0,1,0,0,0,1
6410,AB15,AB26,20,AB,1,0,0,0,AB,0,0,0,0,1,0,0,0,1
6416,AB15,AB32,12,AB,1,0,0,0,AB,0,0,0,0,1,0,0,0,1
6446,AB16,AA12,13,AB,1,0,0,0,AA,0,0,0,0,1,0,0,0,1
6470,AB16,AA36,17,AB,1,0,0,0,AA,0,0,0,0,1,0,0,0,1
6472,AB16,AA38,12,AB,1,0,0,0,AA,0,0,0,0,1,0,0,0,1
6473,AB16,AA39,14,AB,1,0,0,0,AA,0,0,0,0,1,0,0,0,1
6476,AB16,AA42,16,AB,1,0,0,0,AA,0,0,0,0,1,0,0,0,1
6479,AB16,AA45,15,AB,1,0,0,0,AA,0,0,0,0,1,0,0,0,1
6481,AB16,AA47,10,AB,1,0,0,0,AA,0,0,0,0,1,0,0,0,1
6483,AB16,AA49,18,AB,1,0,0,0,AA,0,0,0,0,1,0,0,0,1
6486,AB16,AB2,15,AB,1,0,0,0,AB,0,0,0,0,1,0,0,0,1
6490,AB16,AB6,16,AB,1,0,0,0,AB,0,0,0,0,1,0,0,0,1
6493,AB16,AB9,13,AB,1,0,0,0,AB,0,0,0,0,1,0,0,0,1
6500,AB16,AB17,20,AB,1,0,0,0,AB,0,0,0,0,1,0,0,0,1
6501,AB16,AB18,19,AB,1,0,0,0,AB,0,0,0,0,1,0,0,0,1
6509,AB16,AB26,12,AB,1,0,0,0,AB,0,0,0,0,1,0,0,0,1
6515,AB16,AB32,11,AB,1,0,0,0,AB,0,0,0,0,1,0,0,0,1
6521,AB16,AB38,10,AB,1,0,0,0,AB,0,0,0,0,1,0,0,0,1
6523,AB16,AB40,10,AB,1,0,0,0,AB,0,0,0,0,1,0,0,0,1
6743,AB19,AA12,10,AB,1,0,0,0,AA,0,0,0,0,1,0,0,0,1
6745,AB19,AA14,20,AB,1,0,0,0,AA,0,0,0,0,1,0,0,0,1
6748,AB19,AA17,13,AB,1,0,0,0,AA,0,0,0,0,1,0,0,0,1
6767,AB19,AA36,12,AB,1,0,0,0,AA,0,0,0,0,1,0,0,0,1
6769,AB19,AA38,20,AB,1,0,0,0,AA,0,0,0,0,1,0,0,0,1
6776,AB19,AA45,17,AB,1,0,0,0,AA,0,0,0,0,1,0,0,0,1
6778,AB19,AA47,12,AB,1,0,0,0,AA,0,0,0,0,1,0,0,0,1
6780,AB19,AA49,10,AB,1,0,0,0,AA,0,0,0,0,1,0,0,0,1
6783,AB19,AB2,16,AB,1,0,0,0,AB,0,0,0,0,1,0,0,0,1
6790,AB19,AB9,16,AB,1,0,0,0,AB,0,0,0,0,1,0,0,0,1
6798,AB19,AB17,19,AB,1,0,0,0,AB,0,0,0,0,1,0,0,0,1
6799,AB19,AB18,13,AB,1,0,0,0,AB,0,0,0,0,1,0,0,0,1
6805,AB19,AB25,16,AB,1,0,0,0,AB,0,0,0,0,1,0,0,0,1
6806,AB19,AB26,13,AB,1,0,0,0,AB,0,0,0,0,1,0,0,0,1
6812,AB19,AB32,10,AB,1,0,0,0,AB,0,0,0,0,1,0,0,0,1
6818,AB19,AB38,10,AB,1,0,0,0,AB,0,0,0,0,1,0,0,0,1
6820,AB19,AB40,14,AB,1,0,0,0,AB,0,0,0,0,1,0,0,0,1
6842,AB20,AA12,15,AB,1,0,0,0,AA,0,0,0,0,1,0,0,0,1
6844,AB20,AA14,20,AB,1,0,0,0,AA,0,0,0,0,1,0,0,0,1
6847,AB20,AA17,18,AB,1,0,0,0,AA,0,0,0,0,1,0,0,0,1
6866,AB20,AA36,12,AB,1,0,0,0,AA,0,0,0,0,1,0,0,0,1
6868,AB20,AA38,16,AB,1,0,0,0,AA,0,0,0,0,1,0,0,0,1
6875,AB20,AA45,13,AB,1,0,0,0,AA,0,0,0,0,1,0,0,0,1
6877,AB20,AA47,16,AB,1,0,0,0,AA,0,0,0,0,1,0,0,0,1
6879,AB20,AA49,11,AB,1,0,0,0,AA,0,0,0,0,1,0,0,0,1
6882,AB20,AB2,16,AB,1,0,0,0,AB,0,0,0,0,1,0,0,0,1
6889,AB20,AB9,20,AB,1,0,0,0,AB,0,0,0,0,1,0,0,0,1
6897,AB20,AB17,17,AB,1,0,0,0,AB,0,0,0,0,1,0,0,0,1
6898,AB20,AB18,20,AB,1,0,0,0,AB,0,0,0,0,1,0,0,0,1
6904,AB20,AB25,16,AB,1,0,0,0,AB,0,0,0,0,1,0,0,0,1
6905,AB20,AB26,18,AB,1,0,0,0,AB,0,0,0,0,1,0,0,0,1
6911,AB20,AB32,12,AB,1,0,0,0,AB,0,0,0,0,1,0,0,0,1
6917,AB20,AB38,19,AB,1,0,0,0,AB,0,0,0,0,1,0,0,0,1
6919,AB20,AB40,16,AB,1,0,0,0,AB,0,0,0,0,1,0,0,0,1
6941,AB21,AA12,11,AB,1,0,0,0,AA,0,0,0,0,1,0,0,0,1
6943,AB21,AA14,17,AB,1,0,0,0,AA,0,0,0,0,1,0,0,0,1
6946,AB21,AA17,12,AB,1,0,0,0,AA,0,0,0,0,1,0,0,0,1
6965,AB21,AA36,10,AB,1,0,0,0,AA,0,0,0,0,1,0,0,0,1
6967,AB21,AA38,16,AB,1,0,0,0,AA,0,0,0,0,1,0,0,0,1
6968,AB21,AA39,13,AB,1,0,0,0,AA,0,0,0,0,1,0,0,0,1
6974,AB21,AA45,18,AB,1,0,0,0,AA,0,0,0,0,1,0,0,0,1
6976,AB21,AA47,19,AB,1,0,0,0,AA,0,0,0,0,1,0,0,0,1
6981,AB21,AB2,17,AB,1,0,0,0,AB,0,0,0,0,1,0,0,0,1
6996,AB21,AB17,15,AB,1,0,0,0,AB,0,0,0,0,1,0,0,0,1
6997,AB21,AB18,10,AB,1,0,0,0,AB,0,0,0,0,1,0,0,0,1
7003,AB21,AB25,13,AB,1,0,0,0,AB,0,0,0,0,1,0,0,0,1
7004,AB21,AB26,17,AB,1,0,0,0,AB,0,0,0,0,1,0,0,0,1
7010,AB21,AB32,16,AB,1,0,0,0,AB,0,0,0,0,1,0,0,0,1
7016,AB21,AB38,17,AB,1,0,0,0,AB,0,0,0,0,1,0,0,0,1
7018,AB21,AB40,10,AB,1,0,0,0,AB,0,0,0,0,1,0,0,0,1
7040,AB22,AA12,18,AB,1,0,0,0,AA,0,0,0,0,1,0,0,0,1
7042,AB22,AA14,19,AB,1,0,0,0,AA,0,0,0,0,1,0,0,0,1
7045,AB22,AA17,14,AB,1,0,0,0,AA,0,0,0,0,1,0,0,0,1
7066,AB22,AA38,18,AB,1,0,0,0,AA,0,0,0,0,1,0,0,0,1
7067,AB22,AA39,11,AB,1,0,0,0,AA,0,0,0,0,1,0,0,0,1
7070,AB22,AA42,10,AB,1,0,0,0,AA,0,0,0,0,1,0,0,0,1
7073,AB22,AA45,18,AB,1,0,0,0,AA,0,0,0,0,1,0,0,0,1
7075,AB22,AA47,14,AB,1,0,0,0,AA,0,0,0,0,1,0,0,0,1
7080,AB22,AB2,17,AB,1,0,0,0,AB,0,0,0,0,1,0,0,0,1
7084,AB22,AB6,12,AB,1,0,0,0,AB,0,0,0,0,1,0,0,0,1
7087,AB22,AB9,16,AB,1,0,0,0,AB,0,0,0,0,1,0,0,0,1
7102,AB22,AB25,15,AB,1,0,0,0,AB,0,0,0,0,1,0,0,0,1
7103,AB22,AB26,17,AB,1,0,0,0,AB,0,0,0,0,1,0,0,0,1
7109,AB22,AB32,12,AB,1,0,0,0,AB,0,0,0,0,1,0,0,0,1
7115,AB22,AB38,13,AB,1,0,0,0,AB,0,0,0,0,1,0,0,0,1
7117,AB22,AB40,19,AB,1,0,0,0,AB,0,0,0,0,1,0,0,0,1
7139,AB23,AA12,14,AB,1,0,0,0,AA,0,0,0,0,1,0,0,0,1
7141,AB23,AA14,20,AB,1,0,0,0,AA,0,0,0,0,1,0,0,0,1
7144,AB23,AA17,14,AB,1,0,0,0,AA,0,0,0,0,1,0,0,0,1
7163,AB23,AA36,16,AB,1,0,0,0,AA,0,0,0,0,1,0,0,0,1
7169,AB23,AA42,20,AB,1,0,0,0,AA,0,0,0,0,1,0,0,0,1
7174,AB23,AA47,15,AB,1,0,0,0,AA,0,0,0,0,1,0,0,0,1
7176,AB23,AA49,16,AB,1,0,0,0,AA,0,0,0,0,1,0,0,0,1
7183,AB23,AB6,19,AB,1,0,0,0,AB,0,0,0,0,1,0,0,0,1
7186,AB23,AB9,11,AB,1,0,0,0,AB,0,0,0,0,1,0,0,0,1
7194,AB23,AB17,18,AB,1,0,0,0,AB,0,0,0,0,1,0,0,0,1
7195,AB23,AB18,15,AB,1,0,0,0,AB,0,0,0,0,1,0,0,0,1
7201,AB23,AB25,12,AB,1,0,0,0,AB,0,0,0,0,1,0,0,0,1
7202,AB23,AB26,20,AB,1,0,0,0,AB,0,0,0,0,1,0,0,0,1
7208,AB23,AB32,13,AB,1,0,0,0,AB,0,0,0,0,1,0,0,0,1
7214,AB23,AB38,12,AB,1,0,0,0,AB,0,0,0,0,1,0,0,0,1
7216,AB23,AB40,10,AB,1,0,0,0,AB,0,0,0,0,1,0,0,0,1
7238,AB24,AA12,13,AB,1,0,0,0,AA,0,0,0,0,1,0,0,0,1
7243,AB24,AA17,20,AB,1,0,0,0,AA,0,0,0,0,1,0,0,0,1
7264,AB24,AA38,14,AB,1,0,0,0,AA,0,0,0,0,1,0,0,0,1
7265,AB24,AA39,13,AB,1,0,0,0,AA,0,0,0,0,1,0,0,0,1
7268,AB24,AA42,12,AB,1,0,0,0,AA,0,0,0,0,1,0,0,0,1
7273,AB24,AA47,10,AB,1,0,0,0,AA,0,0,0,0,1,0,0,0,1
7275,AB24,AA49,13,AB,1,0,0,0,AA,0,0,0,0,1,0,0,0,1
7278,AB24,AB2,17,AB,1,0,0,0,AB,0,0,0,0,1,0,0,0,1
7282,AB24,AB6,13,AB,1,0,0,0,AB,0,0,0,0,1,0,0,0,1
7294,AB24,AB18,12,AB,1,0,0,0,AB,0,0,0,0,1,0,0,0,1
7301,AB24,AB26,18,AB,1,0,0,0,AB,0,0,0,0,1,0,0,0,1
7307,AB24,AB32,11,AB,1,0,0,0,AB,0,0,0,0,1,0,0,0,1
7313,AB24,AB38,14,AB,1,0,0,0,AB,0,0,0,0,1,0,0,0,1
7315,AB24,AB40,17,AB,1,0,0,0,AB,0,0,0,0,1,0,0,0,1
7537,AB27,AA14,14,AB,1,0,0,0,AA,0,0,0,0,1,0,0,0,1
7559,AB27,AA36,10,AB,1,0,0,0,AA,0,0,0,0,1,0,0,0,1
7561,AB27,AA38,19,AB,1,0,0,0,AA,0,0,0,0,1,0,0,0,1
7562,AB27,AA39,13,AB,1,0,0,0,AA,0,0,0,0,1,0,0,0,1
7570,AB27,AA47,11,AB,1,0,0,0,AA,0,0,0,0,1,0,0,0,1
7572,AB27,AA49,17,AB,1,0,0,0,AA,0,0,0,0,1,0,0,0,1
7575,AB27,AB2,19,AB,1,0,0,0,AB,0,0,0,0,1,0,0,0,1
7582,AB27,AB9,11,AB,1,0,0,0,AB,0,0,0,0,1,0,0,0,1
7598,AB27,AB25,16,AB,1,0,0,0,AB,0,0,0,0,1,0,0,0,1
7604,AB27,AB32,19,AB,1,0,0,0,AB,0,0,0,0,1,0,0,0,1
7610,AB27,AB38,17,AB,1,0,0,0,AB,0,0,0,0,1,0,0,0,1
7634,AB28,AA12,10,AB,1,0,0,0,AA,0,0,0,0,1,0,0,0,1
7636,AB28,AA14,19,AB,1,0,0,0,AA,0,0,0,0,1,0,0,0,1
7660,AB28,AA38,12,AB,1,0,0,0,AA,0,0,0,0,1,0,0,0,1
7661,AB28,AA39,13,AB,1,0,0,0,AA,0,0,0,0,1,0,0,0,1
7664,AB28,AA42,15,AB,1,0,0,0,AA,0,0,0,0,1,0,0,0,1
7669,AB28,AA47,20,AB,1,0,0,0,AA,0,0,0,0,1,0,0,0,1
7674,AB28,AB2,18,AB,1,0,0,0,AB,0,0,0,0,1,0,0,0,1
7678,AB28,AB6,11,AB,1,0,0,0,AB,0,0,0,0,1,0,0,0,1
7681,AB28,AB9,10,AB,1,0,0,0,AB,0,0,0,0,1,0,0,0,1
7689,AB28,AB17,17,AB,1,0,0,0,AB,0,0,0,0,1,0,0,0,1
7690,AB28,AB18,18,AB,1,0,0,0,AB,0,0,0,0,1,0,0,0,1
7697,AB28,AB25,14,AB,1,0,0,0,AB,0,0,0,0,1,0,0,0,1
7698,AB28,AB26,17,AB,1,0,0,0,AB,0,0,0,0,1,0,0,0,1
7703,AB28,AB32,16,AB,1,0,0,0,AB,0,0,0,0,1,0,0,0,1
7709,AB28,AB38,14,AB,1,0,0,0,AB,0,0,0,0,1,0,0,0,1
7733,AB29,AA12,19,AB,1,0,0,0,AA,0,0,0,0,1,0,0,0,1
7738,AB29,AA17,12,AB,1,0,0,0,AA,0,0,0,0,1,0,0,0,1
7757,AB29,AA36,20,AB,1,0,0,0,AA,0,0,0,0,1,0,0,0,1
7759,AB29,AA38,19,AB,1,0,0,0,AA,0,0,0,0,1,0,0,0,1
7760,AB29,AA39,13,AB,1,0,0,0,AA,0,0,0,0,1,0,0,0,1
7763,AB29,AA42,16,AB,1,0,0,0,AA,0,0,0,0,1,0,0,0,1
7766,AB29,AA45,14,AB,1,0,0,0,AA,0,0,0,0,1,0,0,0,1
7770,AB29,AA49,16,AB,1,0,0,0,AA,0,0,0,0,1,0,0,0,1
7773,AB29,AB2,12,AB,1,0,0,0,AB,0,0,0,0,1,0,0,0,1
7780,AB29,AB9,14,AB,1,0,0,0,AB,0,0,0,0,1,0,0,0,1
7789,AB29,AB18,10,AB,1,0,0,0,AB,0,0,0,0,1,0,0,0,1
7796,AB29,AB25,17,AB,1,0,0,0,AB,0,0,0,0,1,0,0,0,1
7802,AB29,AB32,12,AB,1,0,0,0,AB,0,0,0,0,1,0,0,0,1
7832,AB30,AA12,16,AB,1,0,0,0,AA,0,0,0,0,1,0,0,0,1
7834,AB30,AA14,19,AB,1,0,0,0,AA,0,0,0,0,1,0,0,0,1
7837,AB30,AA17,10,AB,1,0,0,0,AA,0,0,0,0,1,0,0,0,1
7856,AB30,AA36,14,AB,1,0,0,0,AA,0,0,0,0,1,0,0,0,1
7865,AB30,AA45,19,AB,1,0,0,0,AA,0,0,0,0,1,0,0,0,1
7872,AB30,AB2,10,AB,1,0,0,0,AB,0,0,0,0,1,0,0,0,1
7876,AB30,AB6,12,AB,1,0,0,0,AB,0,0,0,0,1,0,0,0,1
7879,AB30,AB9,14,AB,1,0,0,0,AB,0,0,0,0,1,0,0,0,1
7887,AB30,AB17,16,AB,1,0,0,0,AB,0,0,0,0,1,0,0,0,1
7888,AB30,AB18,20,AB,1,0,0,0,AB,0,0,0,0,1,0,0,0,1
7895,AB30,AB25,19,AB,1,0,0,0,AB,0,0,0,0,1,0,0,0,1
7896,AB30,AB26,11,AB,1,0,0,0,AB,0,0,0,0,1,0,0,0,1
7901,AB30,AB32,15,AB,1,0,0,0,AB,0,0,0,0,1,0,0,0,1
7907,AB30,AB38,14,AB,1,0,0,0,AB,0,0,0,0,1,0,0,0,1
7909,AB30,AB40,13,AB,1,0,0,0,AB,0,0,0,0,1,0,0,0,1
7931,AB31,AA12,18,AB,1,0,0,0,AA,0,0,0,0,1,0,0,0,1
7933,AB31,AA14,20,AB,1,0,0,0,AA,0,0,0,0,1,0,0,0,1
7936,AB31,AA17,14,AB,1,0,0,0,AA,0,0,0,0,1,0,0,0,1
7955,AB31,AA36,13,AB,1,0,0,0,AA,0,0,0,0,1,0,0,0,1
7957,AB31,AA38,17,AB,1,0,0,0,AA,0,0,0,0,1,0,0,0,1
7964,AB31,AA45,15,AB,1,0,0,0,AA,0,0,0,0,1,0,0,0,1
7966,AB31,AA47,17,AB,1,0,0,0,AA,0,0,0,0,1,0,0,0,1
7971,AB31,AB2,18,AB,1,0,0,0,AB,0,0,0,0,1,0,0,0,1
7975,AB31,AB6,12,AB,1,0,0,0,AB,0,0,0,0,1,0,0,0,1
7986,AB31,AB17,15,AB,1,0,0,0,AB,0,0,0,0,1,0,0,0,1
7987,AB31,AB18,15,AB,1,0,0,0,AB,0,0,0,0,1,0,0,0,1
7994,AB31,AB25,14,AB,1,0,0,0,AB,0,0,0,0,1,0,0,0,1
7995,AB31,AB26,18,AB,1,0,0,0,AB,0,0,0,0,1,0,0,0,1
8000,AB31,AB32,13,AB,1,0,0,0,AB,0,0,0,0,1,0,0,0,1
8006,AB31,AB38,16,AB,1,0,0,0,AB,0,0,0,0,1,0,0,0,1
8008,AB31,AB40,14,AB,1,0,0,0,AB,0,0,0,0,1,0,0,0,1
8129,AB33,AA12,13,AB,1,0,0,0,AA,0,0,0,0,1,0,0,0,1
8131,AB33,AA14,14,AB,1,0,0,0,AA,0,0,0,0,1,0,0,0,1
8134,AB33,AA17,10,AB,1,0,0,0,AA,0,0,0,0,1,0,0,0,1
8156,AB33,AA39,18,AB,1,0,0,0,AA,0,0,0,0,1,0,0,0,1
8159,AB33,AA42,14,AB,1,0,0,0,AA,0,0,0,0,1,0,0,0,1
8166,AB33,AA49,15,AB,1,0,0,0,AA,0,0,0,0,1,0,0,0,1
8169,AB33,AB2,12,AB,1,0,0,0,AB,0,0,0,0,1,0,0,0,1
8176,AB33,AB9,19,AB,1,0,0,0,AB,0,0,0,0,1,0,0,0,1
8184,AB33,AB17,10,AB,1,0,0,0,AB,0,0,0,0,1,0,0,0,1
8185,AB33,AB18,10,AB,1,0,0,0,AB,0,0,0,0,1,0,0,0,1
8192,AB33,AB25,13,AB,1,0,0,0,AB,0,0,0,0,1,0,0,0,1
8193,AB33,AB26,11,AB,1,0,0,0,AB,0,0,0,0,1,0,0,0,1
8199,AB33,AB32,16,AB,1,0,0,0,AB,0,0,0,0,1,0,0,0,1
8204,AB33,AB38,15,AB,1,0,0,0,AB,0,0,0,0,1,0,0,0,1
8206,AB33,AB40,17,AB,1,0,0,0,AB,0,0,0,0,1,0,0,0,1
8228,AB34,AA12,10,AB,1,0,0,0,AA,0,0,0,0,1,0,0,0,1
8230,AB34,AA14,16,AB,1,0,0,0,AA,0,0,0,0,1,0,0,0,1
8233,AB34,AA17,11,AB,1,0,0,0,AA,0,0,0,0,1,0,0,0,1
8255,AB34,AA39,11,AB,1,0,0,0,AA,0,0,0,0,1,0,0,0,1
8261,AB34,AA45,11,AB,1,0,0,0,AA,0,0,0,0,1,0,0,0,1
8265,AB34,AA49,15,AB,1,0,0,0,AA,0,0,0,0,1,0,0,0,1
8272,AB34,AB6,15,AB,1,0,0,0,AB,0,0,0,0,1,0,0,0,1
8275,AB34,AB9,20,AB,1,0,0,0,AB,0,0,0,0,1,0,0,0,1
8283,AB34,AB17,14,AB,1,0,0,0,AB,0,0,0,0,1,0,0,0,1
8284,AB34,AB18,11,AB,1,0,0,0,AB,0,0,0,0,1,0,0,0,1
8291,AB34,AB25,18,AB,1,0,0,0,AB,0,0,0,0,1,0,0,0,1
8292,AB34,AB26,13,AB,1,0,0,0,AB,0,0,0,0,1,0,0,0,1
8298,AB34,AB32,13,AB,1,0,0,0,AB,0,0,0,0,1,0,0,0,1
8303,AB34,AB38,14,AB,1,0,0,0,AB,0,0,0,0,1,0,0,0,1
8327,AB35,AA12,13,AB,1,0,0,0,AA,0,0,0,0,1,0,0,0,1
8329,AB35,AA14,15,AB,1,0,0,0,AA,0,0,0,0,1,0,0,0,1
8332,AB35,AA17,16,AB,1,0,0,0,AA,0,0,0,0,1,0,0,0,1
8351,AB35,AA36,12,AB,1,0,0,0,AA,0,0,0,0,1,0,0,0,1
8353,AB35,AA38,20,AB,1,0,0,0,AA,0,0,0,0,1,0,0,0,1
8354,AB35,AA39,10,AB,1,0,0,0,AA,0,0,0,0,1,0,0,0,1
8357,AB35,AA42,18,AB,1,0,0,0,AA,0,0,0,0,1,0,0,0,1
8360,AB35,AA45,16,AB,1,0,0,0,AA,0,0,0,0,1,0,0,0,1
8364,AB35,AA49,11,AB,1,0,0,0,AA,0,0,0,0,1,0,0,0,1
8367,AB35,AB2,20,AB,1,0,0,0,AB,0,0,0,0,1,0,0,0,1
8371,AB35,AB6,19,AB,1,0,0,0,AB,0,0,0,0,1,0,0,0,1
8374,AB35,AB9,15,AB,1,0,0,0,AB,0,0,0,0,1,0,0,0,1
8382,AB35,AB17,12,AB,1,0,0,0,AB,0,0,0,0,1,0,0,0,1
8383,AB35,AB18,20,AB,1,0,0,0,AB,0,0,0,0,1,0,0,0,1
8390,AB35,AB25,20,AB,1,0,0,0,AB,0,0,0,0,1,0,0,0,1
8391,AB35,AB26,16,AB,1,0,0,0,AB,0,0,0,0,1,0,0,0,1
8397,AB35,AB32,20,AB,1,0,0,0,AB,0,0,0,0,1,0,0,0,1
8402,AB35,AB38,17,AB,1,0,0,0,AB,0,0,0,0,1,0,0,0,1
8404,AB35,AB40,10,AB,1,0,0,0,AB,0,0,0,0,1,0,0,0,1
8431,AB36,AA17,15,AB,1,0,0,0,AA,0,0,0,0,1,0,0,0,1
8450,AB36,AA36,14,AB,1,0,0,0,AA,0,0,0,0,1,0,0,0,1
8452,AB36,AA38,13,AB,1,0,0,0,AA,0,0,0,0,1,0,0,0,1
8453,AB36,AA39,12,AB,1,0,0,0,AA,0,0,0,0,1,0,0,0,1
8456,AB36,AA42,11,AB,1,0,0,0,AA,0,0,0,0,1,0,0,0,1
8459,AB36,AA45,16,AB,1,0,0,0,AA,0,0,0,0,1,0,0,0,1
8461,AB36,AA47,20,AB,1,0,0,0,AA,0,0,0,0,1,0,0,0,1
8463,AB36,AA49,19,AB,1,0,0,0,AA,0,0,0,0,1,0,0,0,1
8466,AB36,AB2,16,AB,1,0,0,0,AB,0,0,0,0,1,0,0,0,1
8473,AB36,AB9,14,AB,1,0,0,0,AB,0,0,0,0,1,0,0,0,1
8481,AB36,AB17,13,AB,1,0,0,0,AB,0,0,0,0,1,0,0,0,1
8482,AB36,AB18,20,AB,1,0,0,0,AB,0,0,0,0,1,0,0,0,1
8489,AB36,AB25,12,AB,1,0,0,0,AB,0,0,0,0,1,0,0,0,1
8490,AB36,AB26,19,AB,1,0,0,0,AB,0,0,0,0,1,0,0,0,1
8496,AB36,AB32,18,AB,1,0,0,0,AB,0,0,0,0,1,0,0,0,1
8525,AB37,AA12,11,AB,1,0,0,0,AA,0,0,0,0,1,0,0,0,1
8527,AB37,AA14,20,AB,1,0,0,0,AA,0,0,0,0,1,0,0,0,1
8530,AB37,AA17,15,AB,1,0,0,0,AA,0,0,0,0,1,0,0,0,1
8549,AB37,AA36,17,AB,1,0,0,0,AA,0,0,0,0,1,0,0,0,1
8551,AB37,AA38,10,AB,1,0,0,0,AA,0,0,0,0,1,0,0,0,1
8555,AB37,AA42,18,AB,1,0,0,0,AA,0,0,0,0,1,0,0,0,1
8560,AB37,AA47,12,AB,1,0,0,0,AA,0,0,0,0,1,0,0,0,1
8565,AB37,AB2,11,AB,1,0,0,0,AB,0,0,0,0,1,0,0,0,1
8572,AB37,AB9,11,AB,1,0,0,0,AB,0,0,0,0,1,0,0,0,1
8580,AB37,AB17,11,AB,1,0,0,0,AB,0,0,0,0,1,0,0,0,1
8581,AB37,AB18,19,AB,1,0,0,0,AB,0,0,0,0,1,0,0,0,1
8723,AB39,AA12,13,AB,1,0,0,0,AA,0,0,0,0,1,0,0,0,1
8728,AB39,AA17,10,AB,1,0,0,0,AA,0,0,0,0,1,0,0,0,1
8747,AB39,AA36,16,AB,1,0,0,0,AA,0,0,0,0,1,0,0,0,1
8749,AB39,AA38,13,AB,1,0,0,0,AA,0,0,0,0,1,0,0,0,1
8750,AB39,AA39,20,AB,1,0,0,0,AA,0,0,0,0,1,0,0,0,1
8753,AB39,AA42,13,AB,1,0,0,0,AA,0,0,0,0,1,0,0,0,1
8756,AB39,AA45,20,AB,1,0,0,0,AA,0,0,0,0,1,0,0,0,1
8758,AB39,AA47,12,AB,1,0,0,0,AA,0,0,0,0,1,0,0,0,1
8760,AB39,AA49,15,AB,1,0,0,0,AA,0,0,0,0,1,0,0,0,1
8763,AB39,AB2,15,AB,1,0,0,0,AB,0,0,0,0,1,0,0,0,1
8767,AB39,AB6,14,AB,1,0,0,0,AB,0,0,0,0,1,0,0,0,1
8770,AB39,AB9,19,AB,1,0,0,0,AB,0,0,0,0,1,0,0,0,1
8778,AB39,AB17,16,AB,1,0,0,0,AB,0,0,0,0,1,0,0,0,1
8779,AB39,AB18,12,AB,1,0,0,0,AB,0,0,0,0,1,0,0,0,1
8786,AB39,AB25,14,AB,1,0,0,0,AB,0,0,0,0,1,0,0,0,1
8793,AB39,AB32,20,AB,1,0,0,0,AB,0,0,0,0,1,0,0,0,1
8799,AB39,AB38,16,AB,1,0,0,0,AB,0,0,0,0,1,0,0,0,1
8800,AB39,AB40,11,AB,1,0,0,0,AB,0,0,0,0,1,0,0,0,1
8921,AB41,AA12,15,AB,1,0,0,0,AA,0,0,0,0,1,0,0,0,1
8923,AB41,AA14,19,AB,1,0,0,0,AA,0,0,0,0,1,0,0,0,1
8926,AB41,AA17,12,AB,1,0,0,0,AA,0,0,0,0,1,0,0,0,1
8945,AB41,AA36,15,AB,1,0,0,0,AA,0,0,0,0,1,0,0,0,1
8947,AB41,AA38,19,AB,1,0,0,0,AA,0,0,0,0,1,0,0,0,1
8948,AB41,AA39,18,AB,1,0,0,0,AA,0,0,0,0,1,0,0,0,1
8951,AB41,AA42,16,AB,1,0,0,0,AA,0,0,0,0,1,0,0,0,1
8954,AB41,AA45,20,AB,1,0,0,0,AA,0,0,0,0,1,0,0,0,1
8956,AB41,AA47,20,AB,1,0,0,0,AA,0,0,0,0,1,0,0,0,1
8958,AB41,AA49,20,AB,1,0,0,0,AA,0,0,0,0,1,0,0,0,1
8961,AB41,AB2,12,AB,1,0,0,0,AB,0,0,0,0,1,0,0,0,1
8965,AB41,AB6,17,AB,1,0,0,0,AB,0,0,0,0,1,0,0,0,1
8968,AB41,AB9,16,AB,1,0,0,0,AB,0,0,0,0,1,0,0,0,1
8976,AB41,AB17,20,AB,1,0,0,0,AB,0,0,0,0,1,0,0,0,1
8984,AB41,AB25,16,AB,1,0,0,0,AB,0,0,0,0,1,0,0,0,1
8985,AB41,AB26,14,AB,1,0,0,0,AB,0,0,0,0,1,0,0,0,1
8991,AB41,AB32,17,AB,1,0,0,0,AB,0,0,0,0,1,0,0,0,1
8997,AB41,AB38,19,AB,1,0,0,0,AB,0,0,0,0,1,0,0,0,1
8999,AB41,AB40,13,AB,1,0,0,0,AB,0,0,0,0,1,0,0,0,1
9022,AB42,AA14,18,AB,1,0,0,0,AA,0,0,0,0,1,0,0,0,1
9025,AB42,AA17,12,AB,1,0,0,0,AA,0,0,0,0,1,0,0,0,1
9044,AB42,AA36,10,AB,1,0,0,0,AA,0,0,0,0,1,0,0,0,1
9046,AB42,AA38,20,AB,1,0,0,0,AA,0,0,0,0,1,0,0,0,1
9047,AB42,AA39,19,AB,1,0,0,0,AA,0,0,0,0,1,0,0,0,1
9050,AB42,AA42,14,AB,1,0,0,0,AA,0,0,0,0,1,0,0,0,1
9055,AB42,AA47,15,AB,1,0,0,0,AA,0,0,0,0,1,0,0,0,1
9057,AB42,AA49,17,AB,1,0,0,0,AA,0,0,0,0,1,0,0,0,1
9064,AB42,AB6,13,AB,1,0,0,0,AB,0,0,0,0,1,0,0,0,1
9067,AB42,AB9,18,AB,1,0,0,0,AB,0,0,0,0,1,0,0,0,1
9075,AB42,AB17,17,AB,1,0,0,0,AB,0,0,0,0,1,0,0,0,1
9076,AB42,AB18,17,AB,1,0,0,0,AB,0,0,0,0,1,0,0,0,1
9083,AB42,AB25,17,AB,1,0,0,0,AB,0,0,0,0,1,0,0,0,1
9084,AB42,AB26,16,AB,1,0,0,0,AB,0,0,0,0,1,0,0,0,1
9090,AB42,AB32,17,AB,1,0,0,0,AB,0,0,0,0,1,0,0,0,1
9096,AB42,AB38,11,AB,1,0,0,0,AB,0,0,0,0,1,0,0,0,1
9098,AB42,AB40,15,AB,1,0,0,0,AB,0,0,0,0,1,0,0,0,1
9119,AB43,AA12,17,AB,1,0,0,0,AA,0,0,0,0,1,0,0,0,1
9121,AB43,AA14,11,AB,1,0,0,0,AA,0,0,0,0,1,0,0,0,1
9124,AB43,AA17,17,AB,1,0,0,0,AA,0,0,0,0,1,0,0,0,1
9143,AB43,AA36,11,AB,1,0,0,0,AA,0,0,0,0,1,0,0,0,1
9145,AB43,AA38,11,AB,1,0,0,0,AA,0,0,0,0,1,0,0,0,1
9146,AB43,AA39,13,AB,1,0,0,0,AA,0,0,0,0,1,0,0,0,1
9149,AB43,AA42,18,AB,1,0,0,0,AA,0,0,0,0,1,0,0,0,1
9152,AB43,AA45,18,AB,1,0,0,0,AA,0,0,0,0,1,0,0,0,1
9154,AB43,AA47,13,AB,1,0,0,0,AA,0,0,0,0,1,0,0,0,1
9156,AB43,AA49,14,AB,1,0,0,0,AA,0,0,0,0,1,0,0,0,1
9159,AB43,AB2,19,AB,1,0,0,0,AB,0,0,0,0,1,0,0,0,1
9163,AB43,AB6,17,AB,1,0,0,0,AB,0,0,0,0,1,0,0,0,1
9174,AB43,AB17,16,AB,1,0,0,0,AB,0,0,0,0,1,0,0,0,1
9182,AB43,AB25,16,AB,1,0,0,0,AB,0,0,0,0,1,0,0,0,1
9183,AB43,AB26,19,AB,1,0,0,0,AB,0,0,0,0,1,0,0,0,1
9189,AB43,AB32,10,AB,1,0,0,0,AB,0,0,0,0,1,0,0,0,1
9195,AB43,AB38,19,AB,1,0,0,0,AB,0,0,0,0,1,0,0,0,1
9197,AB43,AB40,19,AB,1,0,0,0,AB,0,0,0,0,1,0,0,0,1
9220,AB44,AA14,14,AB,1,0,0,0,AA,0,0,0,0,1,0,0,0,1
9223,AB44,AA17,12,AB,1,0,0,0,AA,0,0,0,0,1,0,0,0,1
9244,AB44,AA38,11,AB,1,0,0,0,AA,0,0,0,0,1,0,0,0,1
9251,AB44,AA45,16,AB,1,0,0,0,AA,0,0,0,0,1,0,0,0,1
9253,AB44,AA47,20,AB,1,0,0,0,AA,0,0,0,0,1,0,0,0,1
9255,AB44,AA49,12,AB,1,0,0,0,AA,0,0,0,0,1,0,0,0,1
9258,AB44,AB2,15,AB,1,0,0,0,AB,0,0,0,0,1,0,0,0,1
9262,AB44,AB6,20,AB,1,0,0,0,AB,0,0,0,0,1,0,0,0,1
9265,AB44,AB9,18,AB,1,0,0,0,AB,0,0,0,0,1,0,0,0,1
9273,AB44,AB17,17,AB,1,0,0,0,AB,0,0,0,0,1,0,0,0,1
9274,AB44,AB18,20,AB,1,0,0,0,AB,0,0,0,0,1,0,0,0,1
9281,AB44,AB25,11,AB,1,0,0,0,AB,0,0,0,0,1,0,0,0,1
9282,AB44,AB26,15,AB,1,0,0,0,AB,0,0,0,0,1,0,0,0,1
9288,AB44,AB32,18,AB,1,0,0,0,AB,0,0,0,0,1,0,0,0,1
9294,AB44,AB38,16,AB,1,0,0,0,AB,0,0,0,0,1,0,0,0,1
9317,AB45,AA12,17,AB,1,0,0,0,AA,0,0,0,0,1,0,0,0,1
9319,AB45,AA14,15,AB,1,0,0,0,AA,0,0,0,0,1,0,0,0,1
9322,AB45,AA17,14,AB,1,0,0,0,AA,0,0,0,0,1,0,0,0,1
9341,AB45,AA36,17,AB,1,0,0,0,AA,0,0,0,0,1,0,0,0,1
9344,AB45,AA39,20,AB,1,0,0,0,AA,0,0,0,0,1,0,0,0,1
9347,AB45,AA42,16,AB,1,0,0,0,AA,0,0,0,0,1,0,0,0,1
9350,AB45,AA45,18,AB,1,0,0,0,AA,0,0,0,0,1,0,0,0,1
9352,AB45,AA47,16,AB,1,0,0,0,AA,0,0,0,0,1,0,0,0,1
9354,AB45,AA49,14,AB,1,0,0,0,AA,0,0,0,0,1,0,0,0,1
9357,AB45,AB2,13,AB,1,0,0,0,AB,0,0,0,0,1,0,0,0,1
9361,AB45,AB6,20,AB,1,0,0,0,AB,0,0,0,0,1,0,0,0,1
9364,AB45,AB9,14,AB,1,0,0,0,AB,0,0,0,0,1,0,0,0,1
9372,AB45,AB17,15,AB,1,0,0,0,AB,0,0,0,0,1,0,0,0,1
9380,AB45,AB25,20,AB,1,0,0,0,AB,0,0,0,0,1,0,0,0,1
9381,AB45,AB26,14,AB,1,0,0,0,AB,0,0,0,0,1,0,0,0,1
9387,AB45,AB32,16,AB,1,0,0,0,AB,0,0,0,0,1,0,0,0,1
9395,AB45,AB40,15,AB,1,0,0,0,AB,0,0,0,0,1,0,0,0,1
9416,AB46,AA12,11,AB,1,0,0,0,AA,0,0,0,0,1,0,0,0,1
9418,AB46,AA14,15,AB,1,0,0,0,AA,0,0,0,0,1,0,0,0,1
9421,AB46,AA17,12,AB,1,0,0,0,AA,0,0,0,0,1,0,0,0,1
9440,AB46,AA36,11,AB,1,0,0,0,AA,0,0,0,0,1,0,0,0,1
9442,AB46,AA38,13,AB,1,0,0,0,AA,0,0,0,0,1,0,0,0,1
9443,AB46,AA39,19,AB,1,0,0,0,AA,0,0,0,0,1,0,0,0,1
9449,AB46,AA45,16,AB,1,0,0,0,AA,0,0,0,0,1,0,0,0,1
9451,AB46,AA47,18,AB,1,0,0,0,AA,0,0,0,0,1,0,0,0,1
9453,AB46,AA49,18,AB,1,0,0,0,AA,0,0,0,0,1,0,0,0,1
9456,AB46,AB2,15,AB,1,0,0,0,AB,0,0,0,0,1,0,0,0,1
9460,AB46,AB6,19,AB,1,0,0,0,AB,0,0,0,0,1,0,0,0,1
9463,AB46,AB9,16,AB,1,0,0,0,AB,0,0,0,0,1,0,0,0,1
9471,AB46,AB17,12,AB,1,0,0,0,AB,0,0,0,0,1,0,0,0,1
9472,AB46,AB18,10,AB,1,0,0,0,AB,0,0,0,0,1,0,0,0,1
9479,AB46,AB25,12,AB,1,0,0,0,AB,0,0,0,0,1,0,0,0,1
9480,AB46,AB26,19,AB,1,0,0,0,AB,0,0,0,0,1,0,0,0,1
9492,AB46,AB38,20,AB,1,0,0,0,AB,0,0,0,0,1,0,0,0,1
9494,AB46,AB40,20,AB,1,0,0,0,AB,0,0,0,0,1,0,0,0,1
9515,AB47,AA12,20,AB,1,0,0,0,AA,0,0,0,0,1,0,0,0,1
9520,AB47,AA17,20,AB,1,0,0,0,AA,0,0,0,0,1,0,0,0,1
9539,AB47,AA36,13,AB,1,0,0,0,AA,0,0,0,0,1,0,0,0,1
9542,AB47,AA39,18,AB,1,0,0,0,AA,0,0,0,0,1,0,0,0,1
9545,AB47,AA42,19,AB,1,0,0,0,AA,0,0,0,0,1,0,0,0,1
9548,AB47,AA45,14,AB,1,0,0,0,AA,0,0,0,0,1,0,0,0,1
9550,AB47,AA47,13,AB,1,0,0,0,AA,0,0,0,0,1,0,0,0,1
9552,AB47,AA49,19,AB,1,0,0,0,AA,0,0,0,0,1,0,0,0,1
9559,AB47,AB6,18,AB,1,0,0,0,AB,0,0,0,0,1,0,0,0,1
9562,AB47,AB9,16,AB,1,0,0,0,AB,0,0,0,0,1,0,0,0,1
9570,AB47,AB17,16,AB,1,0,0,0,AB,0,0,0,0,1,0,0,0,1
9571,AB47,AB18,11,AB,1,0,0,0,AB,0,0,0,0,1,0,0,0,1
9578,AB47,AB25,10,AB,1,0,0,0,AB,0,0,0,0,1,0,0,0,1
9579,AB47,AB26,15,AB,1,0,0,0,AB,0,0,0,0,1,0,0,0,1
9591,AB47,AB38,11,AB,1,0,0,0,AB,0,0,0,0,1,0,0,0,1
9593,AB47,AB40,14,AB,1,0,0,0,AB,0,0,0,0,1,0,0,0,1
9614,AB48,AA12,14,AB,1,0,0,0,AA,0,0,0,0,1,0,0,0,1
9616,AB48,AA14,14,AB,1,0,0,0,AA,0,0,0,0,1,0,0,0,1
9619,AB48,AA17,16,AB,1,0,0,0,AA,0,0,0,0,1,0,0,0,1
9638,AB48,AA36,18,AB,1,0,0,0,AA,0,0,0,0,1,0,0,0,1
9640,AB48,AA38,11,AB,1,0,0,0,AA,0,0,0,0,1,0,0,0,1
9644,AB48,AA42,10,AB,1,0,0,0,AA,0,0,0,0,1,0,0,0,1
9647,AB48,AA45,13,AB,1,0,0,0,AA,0,0,0,0,1,0,0,0,1
9649,AB48,AA47,16,AB,1,0,0,0,AA,0,0,0,0,1,0,0,0,1
9651,AB48,AA49,12,AB,1,0,0,0,AA,0,0,0,0,1,0,0,0,1
9654,AB48,AB2,18,AB,1,0,0,0,AB,0,0,0,0,1,0,0,0,1
9658,AB48,AB6,20,AB,1,0,0,0,AB,0,0,0,0,1,0,0,0,1
9669,AB48,AB17,14,AB,1,0,0,0,AB,0,0,0,0,1,0,0,0,1
9670,AB48,AB18,10,AB,1,0,0,0,AB,0,0,0,0,1,0,0,0,1
9677,AB48,AB25,17,AB,1,0,0,0,AB,0,0,0,0,1,0,0,0,1
9678,AB48,AB26,13,AB,1,0,0,0,AB,0,0,0,0,1,0,0,0,1
9684,AB48,AB32,13,AB,1,0,0,0,AB,0,0,0,0,1,0,0,0,1
9690,AB48,AB38,13,AB,1,0,0,0,AB,0,0,0,0,1,0,0,0,1
9692,AB48,AB40,13,AB,1,0,0,0,AB,0,0,0,0,1,0,0,0,1
9713,AB49,AA12,12,AB,1,0,0,0,AA,0,0,0,0,1,0,0,0,1
9718,AB49,AA17,15,AB,1,0,0,0,AA,0,0,0,0,1,0,0,0,1
9737,AB49,AA36,14,AB,1,0,0,0,AA,0,0,0,0,1,0,0,0,1
9739,AB49,AA38,15,AB,1,0,0,0,AA,0,0,0,0,1,0,0,0,1
9740,AB49,AA39,16,AB,1,0,0,0,AA,0,0,0,0,1,0,0,0,1
9743,AB49,AA42,18,AB,1,0,0,0,AA,0,0,0,0,1,0,0,0,1
9746,AB49,AA45,17,AB,1,0,0,0,AA,0,0,0,0,1,0,0,0,1
9748,AB49,AA47,10,AB,1,0,0,0,AA,0,0,0,0,1,0,0,0,1
9753,AB49,AB2,11,AB,1,0,0,0,AB,0,0,0,0,1,0,0,0,1
9757,AB49,AB6,15,AB,1,0,0,0,AB,0,0,0,0,1,0,0,0,1
9760,AB49,AB9,17,AB,1,0,0,0,AB,0,0,0,0,1,0,0,0,1
9768,AB49,AB17,11,AB,1,0,0,0,AB,0,0,0,0,1,0,0,0,1
9776,AB49,AB25,13,AB,1,0,0,0,AB,0,0,0,0,1,0,0,0,1
9777,AB49,AB26,12,AB,1,0,0,0,AB,0,0,0,0,1,0,0,0,1
9783,AB49,AB32,18,AB,1,0,0,0,AB,0,0,0,0,1,0,0,0,1
9789,AB49,AB38,14,AB,1,0,0,0,AB,0,0,0,0,1,0,0,0,1
9791,AB49,AB40,12,AB,1,0,0,0,AB,0,0,0,0,1,0,0,0,1
9812,AB50,AA12,12,AB,1,0,0,0,AA,0,0,0,0,1,0,0,0,1
9814,AB50,AA14,10,AB,1,0,0,0,AA,0,0,0,0,1,0,0,0,1
9817,AB50,AA17,18,AB,1,0,0,0,AA,0,0,0,0,1,0,0,0,1
9838,AB50,AA38,20,AB,1,0,0,0,AA,0,0,0,0,1,0,0,0,1
9845,AB50,AA45,12,AB,1,0,0,0,AA,0,0,0,0,1,0,0,0,1
9847,AB50,AA47,14,AB,1,0,0,0,AA,0,0,0,0,1,0,0,0,1
9849,AB50,AA49,20,AB,1,0,0,0,AA,0,0,0,0,1,0,0,0,1
9852,AB50,AB2,18,AB,1,0,0,0,AB,0,0,0,0,1,0,0,0,1
9859,AB50,AB9,10,AB,1,0,0,0,AB,0,0,0,0,1,0,0,0,1
9867,AB50,AB17,17,AB,1,0,0,0,AB,0,0,0,0,1,0,0,0,1
9868,AB50,AB18,10,AB,1,0,0,0,AB,0,0,0,0,1,0,0,0,1
9875,AB50,AB25,17,AB,1,0,0,0,AB,0,0,0,0,1,0,0,0,1
9876,AB50,AB26,20,AB,1,0,0,0,AB,0,0,0,0,1,0,0,0,1
9882,AB50,AB32,19,AB,1,0,0,0,AB,0,0,0,0,1,0,0,0,1
9888,AB50,AB38,11,AB,1,0,0,0,AB,0,0,0,0,1,0,0,0,1
9890,AB50,AB40,16,AB,1,0,0,0,AB,0,0,0,0,1,0,0,0,1
